Date;Power
2024-04-12 00:00:00;276.2233333333333
2024-04-12 00:01:00;275.7883333333333
2024-04-12 00:02:00;267.8
2024-04-12 00:03:00;262.1666666666667
2024-04-12 00:04:00;257.665
2024-04-12 00:05:00;253.6516666666666
2024-04-12 00:06:00;251.79500000000007
2024-04-12 00:07:00;250.75
2024-04-12 00:08:00;249.83666666666664
2024-04-12 00:09:00;249.045
2024-04-12 00:10:00;248.81166666666675
2024-04-12 00:11:00;248.67166666666668
2024-04-12 00:12:00;248.58666666666664
2024-04-12 00:13:00;205.91833333333332
2024-04-12 00:14:00;120.0
2024-04-12 00:15:00;120.0
2024-04-12 00:16:00;120.0
2024-04-12 00:17:00;120.0
2024-04-12 00:18:00;120.0
2024-04-12 00:19:00;120.0
2024-04-12 00:20:00;120.0
2024-04-12 00:21:00;120.0
2024-04-12 00:22:00;120.0
2024-04-12 00:23:00;120.0
2024-04-12 00:24:00;120.0
2024-04-12 00:25:00;120.0
2024-04-12 00:26:00;120.0
2024-04-12 00:27:00;120.0
2024-04-12 00:28:00;120.0
2024-04-12 00:29:00;120.0
2024-04-12 00:30:00;120.0
2024-04-12 00:31:00;120.0
2024-04-12 00:32:00;120.0
2024-04-12 00:33:00;120.0
2024-04-12 00:34:00;120.0
2024-04-12 00:35:00;120.0
2024-04-12 00:36:00;120.0
2024-04-12 00:37:00;120.0
2024-04-12 00:38:00;120.0
2024-04-12 00:39:00;120.0
2024-04-12 00:40:00;120.0
2024-04-12 00:41:00;120.0
2024-04-12 00:42:00;208.33166666666665
2024-04-12 00:43:00;276.8833333333333
2024-04-12 00:44:00;271.48
2024-04-12 00:45:00;264.1050000000001
2024-04-12 00:46:00;259.78666666666663
2024-04-12 00:47:00;255.01833333333332
2024-04-12 00:48:00;252.56500000000003
2024-04-12 00:49:00;251.11666666666676
2024-04-12 00:50:00;250.27666666666667
2024-04-12 00:51:00;249.28
2024-04-12 00:52:00;248.88999999999996
2024-04-12 00:53:00;248.73000000000005
2024-04-12 00:54:00;248.615
2024-04-12 00:55:00;248.53
2024-04-12 00:56:00;133.10166666666666
2024-04-12 00:57:00;120.0
2024-04-12 00:58:00;120.0
2024-04-12 00:59:00;120.0
2024-04-12 01:00:00;120.0
2024-04-12 01:01:00;120.0
2024-04-12 01:02:00;120.0
2024-04-12 01:03:00;120.0
2024-04-12 01:04:00;120.0
2024-04-12 01:05:00;120.0
2024-04-12 01:06:00;120.0
2024-04-12 01:07:00;120.0
2024-04-12 01:08:00;120.0
2024-04-12 01:09:00;120.0
2024-04-12 01:10:00;120.0
2024-04-12 01:11:00;120.0
2024-04-12 01:12:00;120.0
2024-04-12 01:13:00;120.0
2024-04-12 01:14:00;120.0
2024-04-12 01:15:00;120.0
2024-04-12 01:16:00;182.33666666666667
2024-04-12 01:17:00;276.68833333333333
2024-04-12 01:18:00;273.0083333333333
2024-04-12 01:19:00;265.06
2024-04-12 01:20:00;260.5516666666667
2024-04-12 01:21:00;255.6916666666666
2024-04-12 01:22:00;252.90000000000003
2024-04-12 01:23:00;251.25666666666663
2024-04-12 01:24:00;250.405
2024-04-12 01:25:00;249.44000000000003
2024-04-12 01:26:00;248.92833333333328
2024-04-12 01:27:00;248.74666666666675
2024-04-12 01:28:00;248.6316666666667
2024-04-12 01:29:00;248.54666666666665
2024-04-12 01:30:00;154.51833333333337
2024-04-12 01:31:00;120.0
2024-04-12 01:32:00;120.0
2024-04-12 01:33:00;120.0
2024-04-12 01:34:00;120.0
2024-04-12 01:35:00;120.0
2024-04-12 01:36:00;120.0
2024-04-12 01:37:00;120.0
2024-04-12 01:38:00;120.0
2024-04-12 01:39:00;120.0
2024-04-12 01:40:00;120.0
2024-04-12 01:41:00;120.0
2024-04-12 01:42:00;120.0
2024-04-12 01:43:00;120.0
2024-04-12 01:44:00;120.0
2024-04-12 01:45:00;120.0
2024-04-12 01:46:00;203.1216666666667
2024-04-12 01:47:00;276.8533333333333
2024-04-12 01:48:00;271.80333333333334
2024-04-12 01:49:00;264.285
2024-04-12 01:50:00;259.94500000000005
2024-04-12 01:51:00;255.14666666666668
2024-04-12 01:52:00;252.63
2024-04-12 01:53:00;251.145
2024-04-12 01:54:00;250.2983333333333
2024-04-12 01:55:00;249.315
2024-04-12 01:56:00;248.89666666666665
2024-04-12 01:57:00;248.7333333333334
2024-04-12 01:58:00;248.6183333333333
2024-04-12 01:59:00;248.53333333333333
2024-04-12 02:00:00;137.38500000000002
2024-04-12 02:01:00;120.0
2024-04-12 02:02:00;120.0
2024-04-12 02:03:00;120.0
2024-04-12 02:04:00;120.0
2024-04-12 02:05:00;120.0
2024-04-12 02:06:00;120.0
2024-04-12 02:07:00;120.0
2024-04-12 02:08:00;120.0
2024-04-12 02:09:00;120.0
2024-04-12 02:10:00;120.0
2024-04-12 02:11:00;120.0
2024-04-12 02:12:00;120.0
2024-04-12 02:13:00;120.0
2024-04-12 02:14:00;120.0
2024-04-12 02:15:00;120.0
2024-04-12 02:16:00;120.0
2024-04-12 02:17:00;120.0
2024-04-12 02:18:00;120.0
2024-04-12 02:19:00;120.0
2024-04-12 02:20:00;120.0
2024-04-12 02:21:00;120.0
2024-04-12 02:22:00;120.0
2024-04-12 02:23:00;120.0
2024-04-12 02:24:00;120.0
2024-04-12 02:25:00;120.0
2024-04-12 02:26:00;120.0
2024-04-12 02:27:00;120.0
2024-04-12 02:28:00;120.0
2024-04-12 02:29:00;120.0
2024-04-12 02:30:00;120.0
2024-04-12 02:31:00;120.0
2024-04-12 02:32:00;120.0
2024-04-12 02:33:00;120.0
2024-04-12 02:34:00;120.0
2024-04-12 02:35:00;221.3683333333333
2024-04-12 02:36:00;276.8366666666667
2024-04-12 02:37:00;270.73833333333334
2024-04-12 02:38:00;263.68833333333333
2024-04-12 02:39:00;259.37833333333333
2024-04-12 02:40:00;254.7133333333333
2024-04-12 02:41:00;252.405
2024-04-12 02:42:00;251.0466666666667
2024-04-12 02:43:00;250.20333333333332
2024-04-12 02:44:00;249.215
2024-04-12 02:45:00;248.87333333333328
2024-04-12 02:46:00;248.72166666666672
2024-04-12 02:47:00;248.60666666666663
2024-04-12 02:48:00;247.9883333333333
2024-04-12 02:49:00;122.92666666666668
2024-04-12 02:50:00;120.0
2024-04-12 02:51:00;120.0
2024-04-12 02:52:00;120.0
2024-04-12 02:53:00;120.0
2024-04-12 02:54:00;120.0
2024-04-12 02:55:00;120.0
2024-04-12 02:56:00;120.0
2024-04-12 02:57:00;120.0
2024-04-12 02:58:00;120.0
2024-04-12 02:59:00;120.0
2024-04-12 03:00:00;120.0
2024-04-12 03:01:00;120.0
2024-04-12 03:02:00;120.0
2024-04-12 03:03:00;120.0
2024-04-12 03:04:00;120.0
2024-04-12 03:05:00;120.0
2024-04-12 03:06:00;120.0
2024-04-12 03:07:00;120.0
2024-04-12 03:08:00;120.0
2024-04-12 03:09:00;120.0
2024-04-12 03:10:00;120.0
2024-04-12 03:11:00;120.0
2024-04-12 03:12:00;120.0
2024-04-12 03:13:00;120.0
2024-04-12 03:14:00;120.0
2024-04-12 03:15:00;120.0
2024-04-12 03:16:00;120.0
2024-04-12 03:17:00;120.0
2024-04-12 03:18:00;120.0
2024-04-12 03:19:00;120.0
2024-04-12 03:20:00;120.0
2024-04-12 03:21:00;120.0
2024-04-12 03:22:00;120.0
2024-04-12 03:23:00;120.0
2024-04-12 03:24:00;120.0
2024-04-12 03:25:00;120.0
2024-04-12 03:26:00;120.0
2024-04-12 03:27:00;208.33166666666665
2024-04-12 03:28:00;276.8833333333333
2024-04-12 03:29:00;271.48
2024-04-12 03:30:00;264.1050000000001
2024-04-12 03:31:00;259.78666666666663
2024-04-12 03:32:00;255.01833333333332
2024-04-12 03:33:00;252.56500000000003
2024-04-12 03:34:00;251.11666666666676
2024-04-12 03:35:00;250.27666666666667
2024-04-12 03:36:00;249.28
2024-04-12 03:37:00;248.88999999999996
2024-04-12 03:38:00;248.73000000000005
2024-04-12 03:39:00;248.615
2024-04-12 03:40:00;248.53
2024-04-12 03:41:00;133.10166666666666
2024-04-12 03:42:00;120.0
2024-04-12 03:43:00;120.0
2024-04-12 03:44:00;120.0
2024-04-12 03:45:00;120.0
2024-04-12 03:46:00;120.0
2024-04-12 03:47:00;120.0
2024-04-12 03:48:00;120.0
2024-04-12 03:49:00;120.0
2024-04-12 03:50:00;120.0
2024-04-12 03:51:00;120.0
2024-04-12 03:52:00;120.0
2024-04-12 03:53:00;120.0
2024-04-12 03:54:00;120.0
2024-04-12 03:55:00;120.0
2024-04-12 03:56:00;120.0
2024-04-12 03:57:00;120.0
2024-04-12 03:58:00;120.0
2024-04-12 03:59:00;120.0
2024-04-12 04:00:00;120.0
2024-04-12 04:01:00;120.0
2024-04-12 04:02:00;120.0
2024-04-12 04:03:00;120.0
2024-04-12 04:04:00;120.0
2024-04-12 04:05:00;120.0
2024-04-12 04:06:00;120.0
2024-04-12 04:07:00;120.0
2024-04-12 04:08:00;120.0
2024-04-12 04:09:00;120.0
2024-04-12 04:10:00;120.0
2024-04-12 04:11:00;162.16499999999996
2024-04-12 04:12:00;275.915
2024-04-12 04:13:00;274.085
2024-04-12 04:14:00;265.93333333333334
2024-04-12 04:15:00;261.1
2024-04-12 04:16:00;256.2916666666667
2024-04-12 04:17:00;253.15666666666664
2024-04-12 04:18:00;251.395
2024-04-12 04:19:00;250.52000000000004
2024-04-12 04:20:00;249.5633333333334
2024-04-12 04:21:00;248.96833333333333
2024-04-12 04:22:00;248.76000000000008
2024-04-12 04:23:00;248.645
2024-04-12 04:24:00;248.56
2024-04-12 04:25:00;171.65166666666667
2024-04-12 04:26:00;120.0
2024-04-12 04:27:00;120.0
2024-04-12 04:28:00;120.0
2024-04-12 04:29:00;120.0
2024-04-12 04:30:00;120.0
2024-04-12 04:31:00;120.0
2024-04-12 04:32:00;120.0
2024-04-12 04:33:00;120.0
2024-04-12 04:34:00;120.0
2024-04-12 04:35:00;120.0
2024-04-12 04:36:00;120.0
2024-04-12 04:37:00;120.0
2024-04-12 04:38:00;120.0
2024-04-12 04:39:00;120.0
2024-04-12 04:40:00;120.0
2024-04-12 04:41:00;120.0
2024-04-12 04:42:00;120.0
2024-04-12 04:43:00;120.0
2024-04-12 04:44:00;120.0
2024-04-12 04:45:00;120.0
2024-04-12 04:46:00;120.0
2024-04-12 04:47:00;120.0
2024-04-12 04:48:00;120.0
2024-04-12 04:49:00;120.0
2024-04-12 04:50:00;120.0
2024-04-12 04:51:00;120.0
2024-04-12 04:52:00;120.0
2024-04-12 04:53:00;120.0
2024-04-12 04:54:00;120.0
2024-04-12 04:55:00;120.0
2024-04-12 04:56:00;120.0
2024-04-12 04:57:00;120.0
2024-04-12 04:58:00;120.0
2024-04-12 04:59:00;120.0
2024-04-12 05:00:00;120.0
2024-04-12 05:01:00;120.0
2024-04-12 05:02:00;120.0
2024-04-12 05:03:00;120.0
2024-04-12 05:04:00;120.0
2024-04-12 05:05:00;120.0
2024-04-12 05:06:00;120.0
2024-04-12 05:07:00;120.0
2024-04-12 05:08:00;120.0
2024-04-12 05:09:00;120.0
2024-04-12 05:10:00;120.0
2024-04-12 05:11:00;120.0
2024-04-12 05:12:00;120.0
2024-04-12 05:13:00;120.0
2024-04-12 05:14:00;120.0
2024-04-12 05:15:00;120.0
2024-04-12 05:16:00;120.0
2024-04-12 05:17:00;120.0
2024-04-12 05:18:00;120.0
2024-04-12 05:19:00;120.0
2024-04-12 05:20:00;120.0
2024-04-12 05:21:00;120.0
2024-04-12 05:22:00;120.0
2024-04-12 05:23:00;120.0
2024-04-12 05:24:00;120.0
2024-04-12 05:25:00;120.0
2024-04-12 05:26:00;200.51833333333337
2024-04-12 05:27:00;276.8366666666667
2024-04-12 05:28:00;271.9616666666667
2024-04-12 05:29:00;264.37666666666667
2024-04-12 05:30:00;260.0233333333333
2024-04-12 05:31:00;255.2133333333333
2024-04-12 05:32:00;252.6616666666667
2024-04-12 05:33:00;251.16
2024-04-12 05:34:00;250.30333333333328
2024-04-12 05:35:00;249.3383333333333
2024-04-12 05:36:00;248.89999999999995
2024-04-12 05:37:00;248.73500000000007
2024-04-12 05:38:00;248.62
2024-04-12 05:39:00;248.535
2024-04-12 05:40:00;139.52666666666667
2024-04-12 05:41:00;120.0
2024-04-12 05:42:00;120.0
2024-04-12 05:43:00;120.0
2024-04-12 05:44:00;120.0
2024-04-12 05:45:00;120.0
2024-04-12 05:46:00;120.0
2024-04-12 05:47:00;120.0
2024-04-12 05:48:00;120.0
2024-04-12 05:49:00;120.0
2024-04-12 05:50:00;120.0
2024-04-12 05:51:00;120.0
2024-04-12 05:52:00;120.0
2024-04-12 05:53:00;120.0
2024-04-12 05:54:00;120.0
2024-04-12 05:55:00;120.0
2024-04-12 05:56:00;120.0
2024-04-12 05:57:00;120.0
2024-04-12 05:58:00;120.0
2024-04-12 05:59:00;120.0
2024-04-12 06:00:00;120.0
2024-04-12 06:01:00;120.0
2024-04-12 06:02:00;120.0
2024-04-12 06:03:00;182.33666666666667
2024-04-12 06:04:00;276.68833333333333
2024-04-12 06:05:00;273.0083333333333
2024-04-12 06:06:00;265.06
2024-04-12 06:07:00;260.5516666666667
2024-04-12 06:08:00;255.6916666666666
2024-04-12 06:09:00;252.90000000000003
2024-04-12 06:10:00;251.25666666666663
2024-04-12 06:11:00;250.405
2024-04-12 06:12:00;249.44000000000003
2024-04-12 06:13:00;248.92833333333328
2024-04-12 06:14:00;248.74666666666675
2024-04-12 06:15:00;248.6316666666667
2024-04-12 06:16:00;248.54666666666665
2024-04-12 06:17:00;154.51833333333337
2024-04-12 06:18:00;120.0
2024-04-12 06:19:00;120.0
2024-04-12 06:20:00;120.0
2024-04-12 06:21:00;120.0
2024-04-12 06:22:00;120.0
2024-04-12 06:23:00;120.0
2024-04-12 06:24:00;120.0
2024-04-12 06:25:00;120.0
2024-04-12 06:26:00;120.0
2024-04-12 06:27:00;120.0
2024-04-12 06:28:00;120.0
2024-04-12 06:29:00;120.0
2024-04-12 06:30:00;120.0
2024-04-12 06:31:00;120.0
2024-04-12 06:32:00;120.0
2024-04-12 06:33:00;120.0
2024-04-12 06:34:00;120.0
2024-04-12 06:35:00;120.0
2024-04-12 06:36:00;120.0
2024-04-12 06:37:00;120.0
2024-04-12 06:38:00;120.0
2024-04-12 06:39:00;120.0
2024-04-12 06:40:00;120.0
2024-04-12 06:41:00;120.0
2024-04-12 06:42:00;120.0
2024-04-12 06:43:00;120.0
2024-04-12 06:44:00;120.0
2024-04-12 06:45:00;120.0
2024-04-12 06:46:00;120.0
2024-04-12 06:47:00;120.0
2024-04-12 06:48:00;120.0
2024-04-12 06:49:00;120.0
2024-04-12 06:50:00;120.0
2024-04-12 06:51:00;120.0
2024-04-12 06:52:00;120.0
2024-04-12 06:53:00;120.0
2024-04-12 06:54:00;120.0
2024-04-12 06:55:00;120.0
2024-04-12 06:56:00;120.0
2024-04-12 06:57:00;120.0
2024-04-12 06:58:00;244.8616666666667
2024-04-12 06:59:00;276.50000000000006
2024-04-12 07:00:00;269.465
2024-04-12 07:01:00;263.04
2024-04-12 07:02:00;258.62666666666667
2024-04-12 07:03:00;254.2133333333334
2024-04-12 07:04:00;252.13166666666663
2024-04-12 07:05:00;250.92
2024-04-12 07:06:00;250.05
2024-04-12 07:07:00;249.13333333333333
2024-04-12 07:08:00;248.84499999999997
2024-04-12 07:09:00;248.69833333333332
2024-04-12 07:10:00;248.6
2024-04-12 07:11:00;231.625
2024-04-12 07:12:00;120.0
2024-04-12 07:13:00;120.0
2024-04-12 07:14:00;120.0
2024-04-12 07:15:00;120.0
2024-04-12 07:16:00;120.0
2024-04-12 07:17:00;120.0
2024-04-12 07:18:00;120.0
2024-04-12 07:19:00;120.0
2024-04-12 07:20:00;120.0
2024-04-12 07:21:00;120.0
2024-04-12 07:22:00;120.0
2024-04-12 07:23:00;120.0
2024-04-12 07:24:00;120.0
2024-04-12 07:25:00;120.0
2024-04-12 07:26:00;120.0
2024-04-12 07:27:00;120.0
2024-04-12 07:28:00;120.0
2024-04-12 07:29:00;120.0
2024-04-12 07:30:00;120.0
2024-04-12 07:31:00;120.0
2024-04-12 07:32:00;120.0
2024-04-12 07:33:00;325.8833333333333
2024-04-12 07:34:00;1243.0
2024-04-12 07:35:00;1243.0
2024-04-12 07:36:00;1243.0
2024-04-12 07:37:00;1243.0
2024-04-12 07:38:00;1243.0
2024-04-12 07:39:00;1243.0
2024-04-12 07:40:00;1243.0
2024-04-12 07:41:00;1243.0
2024-04-12 07:42:00;1243.0
2024-04-12 07:43:00;1308.8383333333331
2024-04-12 07:44:00;1411.8149999999998
2024-04-12 07:45:00;1222.335
2024-04-12 07:46:00;264.95833333333326
2024-04-12 07:47:00;260.4783333333333
2024-04-12 07:48:00;255.61999999999995
2024-04-12 07:49:00;252.86666666666676
2024-04-12 07:50:00;1437.3633333333332
2024-04-12 07:51:00;2310.4066666666663
2024-04-12 07:52:00;1692.1133333333332
2024-04-12 07:53:00;1146.2699999999998
2024-04-12 07:54:00;1146.111666666667
2024-04-12 07:55:00;1146.0
2024-04-12 07:56:00;458.2266666666668
2024-04-12 07:57:00;850.5983333333334
2024-04-12 07:58:00;120.39999999999996
2024-04-12 07:59:00;120.39999999999996
2024-04-12 08:00:00;120.39999999999996
2024-04-12 08:01:00;120.39999999999996
2024-04-12 08:02:00;126.33166666666668
2024-04-12 08:03:00;1311.3566666666668
2024-04-12 08:04:00;120.0
2024-04-12 08:05:00;120.0
2024-04-12 08:06:00;120.0
2024-04-12 08:07:00;120.0
2024-04-12 08:08:00;120.0
2024-04-12 08:09:00;120.0
2024-04-12 08:10:00;120.0
2024-04-12 08:11:00;120.0
2024-04-12 08:12:00;120.0
2024-04-12 08:13:00;120.0
2024-04-12 08:14:00;120.0
2024-04-12 08:15:00;120.0
2024-04-12 08:16:00;120.0
2024-04-12 08:17:00;120.0
2024-04-12 08:18:00;120.0
2024-04-12 08:19:00;120.0
2024-04-12 08:20:00;120.0
2024-04-12 08:21:00;120.0
2024-04-12 08:22:00;120.0
2024-04-12 08:23:00;120.0
2024-04-12 08:24:00;120.0
2024-04-12 08:25:00;120.0
2024-04-12 08:26:00;120.0
2024-04-12 08:27:00;120.0
2024-04-12 08:28:00;120.0
2024-04-12 08:29:00;120.0
2024-04-12 08:30:00;120.0
2024-04-12 08:31:00;120.0
2024-04-12 08:32:00;120.0
2024-04-12 08:33:00;120.0
2024-04-12 08:34:00;120.0
2024-04-12 08:35:00;120.0
2024-04-12 08:36:00;120.0
2024-04-12 08:37:00;120.0
2024-04-12 08:38:00;120.0
2024-04-12 08:39:00;120.0
2024-04-12 08:40:00;120.0
2024-04-12 08:41:00;120.0
2024-04-12 08:42:00;120.0
2024-04-12 08:43:00;120.0
2024-04-12 08:44:00;120.0
2024-04-12 08:45:00;120.0
2024-04-12 08:46:00;120.0
2024-04-12 08:47:00;120.0
2024-04-12 08:48:00;120.0
2024-04-12 08:49:00;120.0
2024-04-12 08:50:00;120.0
2024-04-12 08:51:00;120.0
2024-04-12 08:52:00;120.0
2024-04-12 08:53:00;120.0
2024-04-12 08:54:00;120.0
2024-04-12 08:55:00;120.0
2024-04-12 08:56:00;120.0
2024-04-12 08:57:00;120.0
2024-04-12 08:58:00;120.0
2024-04-12 08:59:00;229.1966666666667
2024-04-12 09:00:00;276.7433333333333
2024-04-12 09:01:00;270.31166666666667
2024-04-12 09:02:00;263.46833333333336
2024-04-12 09:03:00;259.13
2024-04-12 09:04:00;254.5383333333333
2024-04-12 09:05:00;252.3116666666666
2024-04-12 09:06:00;251.00500000000005
2024-04-12 09:07:00;250.15333333333336
2024-04-12 09:08:00;586.0849999999999
2024-04-12 09:09:00;1371.8633333333337
2024-04-12 09:10:00;1371.7166666666665
2024-04-12 09:11:00;1371.6016666666671
2024-04-12 09:12:00;1366.965
2024-04-12 09:13:00;1243.52
2024-04-12 09:14:00;1243.0
2024-04-12 09:15:00;1243.0
2024-04-12 09:16:00;1243.0
2024-04-12 09:17:00;1243.0
2024-04-12 09:18:00;1244.9766666666665
2024-04-12 09:19:00;1255.7800000000002
2024-04-12 09:20:00;936.7
2024-04-12 09:21:00;120.0
2024-04-12 09:22:00;120.0
2024-04-12 09:23:00;120.0
2024-04-12 09:24:00;120.0
2024-04-12 09:25:00;120.0
2024-04-12 09:26:00;120.0
2024-04-12 09:27:00;120.0
2024-04-12 09:28:00;120.0
2024-04-12 09:29:00;120.0
2024-04-12 09:30:00;120.0
2024-04-12 09:31:00;120.0
2024-04-12 09:32:00;120.0
2024-04-12 09:33:00;120.0
2024-04-12 09:34:00;120.0
2024-04-12 09:35:00;120.0
2024-04-12 09:36:00;120.0
2024-04-12 09:37:00;120.0
2024-04-12 09:38:00;120.0
2024-04-12 09:39:00;120.0
2024-04-12 09:40:00;120.0
2024-04-12 09:41:00;120.0
2024-04-12 09:42:00;120.0
2024-04-12 09:43:00;120.0
2024-04-12 09:44:00;120.0
2024-04-12 09:45:00;120.0
2024-04-12 09:46:00;120.0
2024-04-12 09:47:00;120.0
2024-04-12 09:48:00;120.0
2024-04-12 09:49:00;120.0
2024-04-12 09:50:00;120.0
2024-04-12 09:51:00;120.0
2024-04-12 09:52:00;120.0
2024-04-12 09:53:00;120.0
2024-04-12 09:54:00;120.0
2024-04-12 09:55:00;120.0
2024-04-12 09:56:00;120.0
2024-04-12 09:57:00;120.0
2024-04-12 09:58:00;120.0
2024-04-12 09:59:00;120.0
2024-04-12 10:00:00;120.0
2024-04-12 10:01:00;120.0
2024-04-12 10:02:00;120.0
2024-04-12 10:03:00;120.0
2024-04-12 10:04:00;120.0
2024-04-12 10:05:00;257.925
2024-04-12 10:06:00;276.2366666666667
2024-04-12 10:07:00;268.7683333333333
2024-04-12 10:08:00;262.67333333333335
2024-04-12 10:09:00;258.225
2024-04-12 10:10:00;253.965
2024-04-12 10:11:00;251.98666666666665
2024-04-12 10:12:00;250.85
2024-04-12 10:13:00;249.96166666666664
2024-04-12 10:14:00;249.09166666666667
2024-04-12 10:15:00;248.835
2024-04-12 10:16:00;248.6833333333333
2024-04-12 10:17:00;248.59833333333333
2024-04-12 10:18:00;220.91
2024-04-12 10:19:00;120.0
2024-04-12 10:20:00;120.0
2024-04-12 10:21:00;120.0
2024-04-12 10:22:00;120.0
2024-04-12 10:23:00;120.0
2024-04-12 10:24:00;120.0
2024-04-12 10:25:00;120.0
2024-04-12 10:26:00;120.0
2024-04-12 10:27:00;120.0
2024-04-12 10:28:00;120.0
2024-04-12 10:29:00;120.0
2024-04-12 10:30:00;120.0
2024-04-12 10:31:00;120.0
2024-04-12 10:32:00;120.0
2024-04-12 10:33:00;120.0
2024-04-12 10:34:00;120.0
2024-04-12 10:35:00;120.0
2024-04-12 10:36:00;120.0
2024-04-12 10:37:00;120.0
2024-04-12 10:38:00;120.0
2024-04-12 10:39:00;120.0
2024-04-12 10:40:00;120.0
2024-04-12 10:41:00;120.0
2024-04-12 10:42:00;120.0
2024-04-12 10:43:00;120.0
2024-04-12 10:44:00;120.0
2024-04-12 10:45:00;120.0
2024-04-12 10:46:00;120.0
2024-04-12 10:47:00;120.0
2024-04-12 10:48:00;120.0
2024-04-12 10:49:00;120.0
2024-04-12 10:50:00;120.0
2024-04-12 10:51:00;174.7333333333333
2024-04-12 10:52:00;276.43666666666667
2024-04-12 10:53:00;273.4283333333333
2024-04-12 10:54:00;265.375
2024-04-12 10:55:00;260.7633333333333
2024-04-12 10:56:00;255.90999999999997
2024-04-12 10:57:00;253.005
2024-04-12 10:58:00;251.2983333333333
2024-04-12 10:59:00;250.44833333333327
2024-04-12 11:00:00;249.485
2024-04-12 11:01:00;248.9433333333333
2024-04-12 11:02:00;248.75166666666672
2024-04-12 11:03:00;248.63666666666668
2024-04-12 11:04:00;248.55166666666668
2024-04-12 11:05:00;160.9433333333333
2024-04-12 11:06:00;120.0
2024-04-12 11:07:00;120.0
2024-04-12 11:08:00;120.0
2024-04-12 11:09:00;120.0
2024-04-12 11:10:00;120.0
2024-04-12 11:11:00;120.0
2024-04-12 11:12:00;120.0
2024-04-12 11:13:00;120.0
2024-04-12 11:14:00;120.0
2024-04-12 11:15:00;120.0
2024-04-12 11:16:00;120.0
2024-04-12 11:17:00;120.0
2024-04-12 11:18:00;120.0
2024-04-12 11:19:00;120.0
2024-04-12 11:20:00;120.0
2024-04-12 11:21:00;120.0
2024-04-12 11:22:00;120.0
2024-04-12 11:23:00;120.0
2024-04-12 11:24:00;120.0
2024-04-12 11:25:00;120.0
2024-04-12 11:26:00;120.0
2024-04-12 11:27:00;120.0
2024-04-12 11:28:00;120.0
2024-04-12 11:29:00;205.72666666666663
2024-04-12 11:30:00;276.8683333333334
2024-04-12 11:31:00;271.6433333333333
2024-04-12 11:32:00;264.1933333333334
2024-04-12 11:33:00;259.8666666666667
2024-04-12 11:34:00;255.08166666666668
2024-04-12 11:35:00;252.59833333333336
2024-04-12 11:36:00;251.13000000000005
2024-04-12 11:37:00;250.28833333333333
2024-04-12 11:38:00;249.29666666666665
2024-04-12 11:39:00;248.8933333333333
2024-04-12 11:40:00;248.73166666666677
2024-04-12 11:41:00;248.61666666666667
2024-04-12 11:42:00;248.5316666666667
2024-04-12 11:43:00;135.24333333333334
2024-04-12 11:44:00;120.0
2024-04-12 11:45:00;120.0
2024-04-12 11:46:00;120.0
2024-04-12 11:47:00;120.0
2024-04-12 11:48:00;120.0
2024-04-12 11:49:00;120.0
2024-04-12 11:50:00;120.0
2024-04-12 11:51:00;120.0
2024-04-12 11:52:00;120.0
2024-04-12 11:53:00;120.0
2024-04-12 11:54:00;120.0
2024-04-12 11:55:00;120.0
2024-04-12 11:56:00;120.0
2024-04-12 11:57:00;120.0
2024-04-12 11:58:00;120.0
2024-04-12 11:59:00;120.0
2024-04-12 12:00:00;120.0
2024-04-12 12:01:00;120.0
2024-04-12 12:02:00;120.0
2024-04-12 12:03:00;120.0
2024-04-12 12:04:00;120.0
2024-04-12 12:05:00;120.0
2024-04-12 12:06:00;120.0
2024-04-12 12:07:00;120.0
2024-04-12 12:08:00;120.0
2024-04-12 12:09:00;120.0
2024-04-12 12:10:00;120.0
2024-04-12 12:11:00;120.0
2024-04-12 12:12:00;120.0
2024-04-12 12:13:00;120.0
2024-04-12 12:14:00;120.0
2024-04-12 12:15:00;120.0
2024-04-12 12:16:00;120.0
2024-04-12 12:17:00;120.0
2024-04-12 12:18:00;120.0
2024-04-12 12:19:00;120.0
2024-04-12 12:20:00;120.0
2024-04-12 12:21:00;120.0
2024-04-12 12:22:00;120.0
2024-04-12 12:23:00;120.0
2024-04-12 12:24:00;120.0
2024-04-12 12:25:00;120.0
2024-04-12 12:26:00;120.0
2024-04-12 12:27:00;120.0
2024-04-12 12:28:00;120.0
2024-04-12 12:29:00;120.0
2024-04-12 12:30:00;120.0
2024-04-12 12:31:00;120.0
2024-04-12 12:32:00;120.0
2024-04-12 12:33:00;120.0
2024-04-12 12:34:00;120.0
2024-04-12 12:35:00;120.0
2024-04-12 12:36:00;120.0
2024-04-12 12:37:00;120.0
2024-04-12 12:38:00;120.0
2024-04-12 12:39:00;120.0
2024-04-12 12:40:00;120.0
2024-04-12 12:41:00;120.0
2024-04-12 12:42:00;120.0
2024-04-12 12:43:00;120.0
2024-04-12 12:44:00;120.0
2024-04-12 12:45:00;120.0
2024-04-12 12:46:00;120.0
2024-04-12 12:47:00;120.0
2024-04-12 12:48:00;120.0
2024-04-12 12:49:00;120.0
2024-04-12 12:50:00;120.0
2024-04-12 12:51:00;120.0
2024-04-12 12:52:00;120.0
2024-04-12 12:53:00;120.0
2024-04-12 12:54:00;120.0
2024-04-12 12:55:00;120.0
2024-04-12 12:56:00;120.0
2024-04-12 12:57:00;120.0
2024-04-12 12:58:00;120.0
2024-04-12 12:59:00;120.0
2024-04-12 13:00:00;120.0
2024-04-12 13:01:00;120.0
2024-04-12 13:02:00;120.0
2024-04-12 13:03:00;120.0
2024-04-12 13:04:00;120.0
2024-04-12 13:05:00;120.0
2024-04-12 13:06:00;120.0
2024-04-12 13:07:00;120.0
2024-04-12 13:08:00;120.0
2024-04-12 13:09:00;120.0
2024-04-12 13:10:00;120.0
2024-04-12 13:11:00;120.0
2024-04-12 13:12:00;120.0
2024-04-12 13:13:00;159.665
2024-04-12 13:14:00;275.7983333333333
2024-04-12 13:15:00;274.21
2024-04-12 13:16:00;266.05
2024-04-12 13:17:00;261.1633333333333
2024-04-12 13:18:00;256.37
2024-04-12 13:19:00;253.1833333333333
2024-04-12 13:20:00;251.4183333333333
2024-04-12 13:21:00;250.53500000000005
2024-04-12 13:22:00;249.58
2024-04-12 13:23:00;248.97333333333336
2024-04-12 13:24:00;248.76166666666677
2024-04-12 13:25:00;248.64666666666665
2024-04-12 13:26:00;248.56166666666667
2024-04-12 13:27:00;173.79333333333335
2024-04-12 13:28:00;120.0
2024-04-12 13:29:00;120.0
2024-04-12 13:30:00;120.0
2024-04-12 13:31:00;120.0
2024-04-12 13:32:00;120.0
2024-04-12 13:33:00;120.0
2024-04-12 13:34:00;120.0
2024-04-12 13:35:00;120.0
2024-04-12 13:36:00;120.0
2024-04-12 13:37:00;120.0
2024-04-12 13:38:00;120.0
2024-04-12 13:39:00;120.0
2024-04-12 13:40:00;120.0
2024-04-12 13:41:00;120.0
2024-04-12 13:42:00;120.0
2024-04-12 13:43:00;120.0
2024-04-12 13:44:00;120.0
2024-04-12 13:45:00;120.0
2024-04-12 13:46:00;120.0
2024-04-12 13:47:00;120.0
2024-04-12 13:48:00;120.0
2024-04-12 13:49:00;120.0
2024-04-12 13:50:00;270.9933333333333
2024-04-12 13:51:00;275.9266666666667
2024-04-12 13:52:00;268.07666666666665
2024-04-12 13:53:00;262.3083333333333
2024-04-12 13:54:00;257.8266666666667
2024-04-12 13:55:00;253.73666666666665
2024-04-12 13:56:00;251.84833333333336
2024-04-12 13:57:00;250.77999999999997
2024-04-12 13:58:00;249.86999999999995
2024-04-12 13:59:00;249.0583333333333
2024-04-12 14:00:00;248.81833333333336
2024-04-12 14:01:00;248.675
2024-04-12 14:02:00;248.59
2024-04-12 14:03:00;210.20166666666665
2024-04-12 14:04:00;120.0
2024-04-12 14:05:00;120.0
2024-04-12 14:06:00;120.0
2024-04-12 14:07:00;120.0
2024-04-12 14:08:00;120.0
2024-04-12 14:09:00;120.0
2024-04-12 14:10:00;120.0
2024-04-12 14:11:00;120.0
2024-04-12 14:12:00;120.0
2024-04-12 14:13:00;120.0
2024-04-12 14:14:00;120.0
2024-04-12 14:15:00;120.0
2024-04-12 14:16:00;120.0
2024-04-12 14:17:00;120.0
2024-04-12 14:18:00;120.0
2024-04-12 14:19:00;120.0
2024-04-12 14:20:00;120.0
2024-04-12 14:21:00;120.0
2024-04-12 14:22:00;120.0
2024-04-12 14:23:00;120.0
2024-04-12 14:24:00;120.0
2024-04-12 14:25:00;120.0
2024-04-12 14:26:00;120.0
2024-04-12 14:27:00;120.0
2024-04-12 14:28:00;120.0
2024-04-12 14:29:00;120.0
2024-04-12 14:30:00;120.0
2024-04-12 14:31:00;120.0
2024-04-12 14:32:00;120.0
2024-04-12 14:33:00;120.0
2024-04-12 14:34:00;120.0
2024-04-12 14:35:00;120.0
2024-04-12 14:36:00;120.0
2024-04-12 14:37:00;120.0
2024-04-12 14:38:00;120.0
2024-04-12 14:39:00;120.0
2024-04-12 14:40:00;120.0
2024-04-12 14:41:00;120.0
2024-04-12 14:42:00;120.0
2024-04-12 14:43:00;120.0
2024-04-12 14:44:00;120.0
2024-04-12 14:45:00;120.0
2024-04-12 14:46:00;120.0
2024-04-12 14:47:00;120.0
2024-04-12 14:48:00;120.0
2024-04-12 14:49:00;120.0
2024-04-12 14:50:00;120.0
2024-04-12 14:51:00;120.0
2024-04-12 14:52:00;120.0
2024-04-12 14:53:00;508.6899999999999
2024-04-12 14:54:00;1471.89
2024-04-12 14:55:00;1443.265
2024-04-12 14:56:00;1415.2483333333334
2024-04-12 14:57:00;1387.8266666666666
2024-04-12 14:58:00;1360.9783333333332
2024-04-12 14:59:00;669.8333333333334
2024-04-12 15:00:00;120.0
2024-04-12 15:01:00;120.0
2024-04-12 15:02:00;120.0
2024-04-12 15:03:00;120.0
2024-04-12 15:04:00;120.0
2024-04-12 15:05:00;120.0
2024-04-12 15:06:00;120.0
2024-04-12 15:07:00;205.72666666666663
2024-04-12 15:08:00;276.8683333333334
2024-04-12 15:09:00;271.6433333333333
2024-04-12 15:10:00;264.1933333333334
2024-04-12 15:11:00;259.8666666666667
2024-04-12 15:12:00;255.08166666666668
2024-04-12 15:13:00;252.59833333333336
2024-04-12 15:14:00;251.13000000000005
2024-04-12 15:15:00;250.28833333333333
2024-04-12 15:16:00;249.29666666666665
2024-04-12 15:17:00;248.8933333333333
2024-04-12 15:18:00;248.73166666666677
2024-04-12 15:19:00;248.61666666666667
2024-04-12 15:20:00;248.5316666666667
2024-04-12 15:21:00;135.24333333333334
2024-04-12 15:22:00;120.0
2024-04-12 15:23:00;120.0
2024-04-12 15:24:00;120.0
2024-04-12 15:25:00;120.0
2024-04-12 15:26:00;120.0
2024-04-12 15:27:00;120.0
2024-04-12 15:28:00;120.0
2024-04-12 15:29:00;120.0
2024-04-12 15:30:00;120.0
2024-04-12 15:31:00;120.0
2024-04-12 15:32:00;120.0
2024-04-12 15:33:00;120.0
2024-04-12 15:34:00;120.0
2024-04-12 15:35:00;120.0
2024-04-12 15:36:00;120.0
2024-04-12 15:37:00;120.0
2024-04-12 15:38:00;120.0
2024-04-12 15:39:00;120.0
2024-04-12 15:40:00;120.0
2024-04-12 15:41:00;120.0
2024-04-12 15:42:00;120.0
2024-04-12 15:43:00;120.0
2024-04-12 15:44:00;120.0
2024-04-12 15:45:00;120.0
2024-04-12 15:46:00;120.0
2024-04-12 15:47:00;120.0
2024-04-12 15:48:00;120.0
2024-04-12 15:49:00;120.0
2024-04-12 15:50:00;120.0
2024-04-12 15:51:00;120.0
2024-04-12 15:52:00;120.0
2024-04-12 15:53:00;120.0
2024-04-12 15:54:00;120.0
2024-04-12 15:55:00;120.0
2024-04-12 15:56:00;120.0
2024-04-12 15:57:00;120.0
2024-04-12 15:58:00;120.0
2024-04-12 15:59:00;120.0
2024-04-12 16:00:00;189.76
2024-04-12 16:01:00;181.0
2024-04-12 16:02:00;170.33333333333334
2024-04-12 16:03:00;176.36333333333334
2024-04-12 16:04:00;182.14833333333337
2024-04-12 16:05:00;183.4916666666667
2024-04-12 16:06:00;181.34666666666664
2024-04-12 16:07:00;183.40500000000003
2024-04-12 16:08:00;171.88333333333333
2024-04-12 16:09:00;161.94166666666666
2024-04-12 16:10:00;180.39333333333332
2024-04-12 16:11:00;188.0
2024-04-12 16:12:00;182.9333333333333
2024-04-12 16:13:00;178.06666666666666
2024-04-12 16:14:00;179.4
2024-04-12 16:15:00;157.80833333333334
2024-04-12 16:16:00;120.0
2024-04-12 16:17:00;120.0
2024-04-12 16:18:00;120.0
2024-04-12 16:19:00;120.0
2024-04-12 16:20:00;120.0
2024-04-12 16:21:00;120.0
2024-04-12 16:22:00;120.0
2024-04-12 16:23:00;120.0
2024-04-12 16:24:00;153.90333333333334
2024-04-12 16:25:00;174.24166666666667
2024-04-12 16:26:00;178.08333333333334
2024-04-12 16:27:00;166.42333333333335
2024-04-12 16:28:00;162.49666666666664
2024-04-12 16:29:00;169.14833333333334
2024-04-12 16:30:00;171.38166666666666
2024-04-12 16:31:00;163.96500000000003
2024-04-12 16:32:00;175.86166666666668
2024-04-12 16:33:00;163.44500000000002
2024-04-12 16:34:00;184.0
2024-04-12 16:35:00;180.77
2024-04-12 16:36:00;157.89833333333337
2024-04-12 16:37:00;173.17999999999998
2024-04-12 16:38:00;172.54
2024-04-12 16:39:00;156.3783333333333
2024-04-12 16:40:00;180.8933333333333
2024-04-12 16:41:00;173.61666666666665
2024-04-12 16:42:00;179.595
2024-04-12 16:43:00;171.925
2024-04-12 16:44:00;184.8183333333333
2024-04-12 16:45:00;178.88333333333333
2024-04-12 16:46:00;141.66333333333333
2024-04-12 16:47:00;120.0
2024-04-12 16:48:00;120.0
2024-04-12 16:49:00;123.42166666666668
2024-04-12 16:50:00;182.05166666666668
2024-04-12 16:51:00;166.53166666666667
2024-04-12 16:52:00;167.93333333333334
2024-04-12 16:53:00;173.54
2024-04-12 16:54:00;174.42000000000004
2024-04-12 16:55:00;179.3766666666667
2024-04-12 16:56:00;179.06666666666666
2024-04-12 16:57:00;178.06666666666666
2024-04-12 16:58:00;173.105
2024-04-12 16:59:00;181.7216666666667
2024-04-12 17:00:00;180.83
2024-04-12 17:01:00;179.3733333333333
2024-04-12 17:02:00;163.03833333333336
2024-04-12 17:03:00;186.9116666666667
2024-04-12 17:04:00;183.25
2024-04-12 17:05:00;178.63333333333333
2024-04-12 17:06:00;162.1266666666667
2024-04-12 17:07:00;172.20999999999998
2024-04-12 17:08:00;276.34166666666664
2024-04-12 17:09:00;273.56333333333333
2024-04-12 17:10:00;265.4833333333333
2024-04-12 17:11:00;260.8333333333333
2024-04-12 17:12:00;284.2933333333333
2024-04-12 17:13:00;311.3233333333333
2024-04-12 17:14:00;298.99999999999994
2024-04-12 17:15:00;297.2283333333334
2024-04-12 17:16:00;298.5833333333332
2024-04-12 17:17:00;299.6633333333333
2024-04-12 17:18:00;295.0716666666667
2024-04-12 17:19:00;312.63833333333315
2024-04-12 17:20:00;294.31166666666667
2024-04-12 17:21:00;218.62166666666664
2024-04-12 17:22:00;166.06833333333333
2024-04-12 17:23:00;120.14833333333333
2024-04-12 17:24:00;120.0
2024-04-12 17:25:00;120.0
2024-04-12 17:26:00;120.0
2024-04-12 17:27:00;130.68333333333334
2024-04-12 17:28:00;229.875
2024-04-12 17:29:00;166.265
2024-04-12 17:30:00;181.0
2024-04-12 17:31:00;181.0
2024-04-12 17:32:00;181.0
2024-04-12 17:33:00;168.2
2024-04-12 17:34:00;166.63333333333333
2024-04-12 17:35:00;178.42833333333334
2024-04-12 17:36:00;179.16
2024-04-12 17:37:00;184.28333333333333
2024-04-12 17:38:00;186.45
2024-04-12 17:39:00;187.86666666666665
2024-04-12 17:40:00;188.93166666666664
2024-04-12 17:41:00;180.6366666666667
2024-04-12 17:42:00;182.18666666666667
2024-04-12 17:43:00;182.79
2024-04-12 17:44:00;183.31166666666664
2024-04-12 17:45:00;190.88500000000005
2024-04-12 17:46:00;192.87166666666664
2024-04-12 17:47:00;163.0
2024-04-12 17:48:00;163.0
2024-04-12 17:49:00;164.51166666666663
2024-04-12 17:50:00;136.80333333333334
2024-04-12 17:51:00;176.53000000000003
2024-04-12 17:52:00;188.0
2024-04-12 17:53:00;188.0
2024-04-12 17:54:00;188.0
2024-04-12 17:55:00;188.0
2024-04-12 17:56:00;188.0
2024-04-12 17:57:00;170.58333333333334
2024-04-12 17:58:00;172.96666666666667
2024-04-12 17:59:00;218.18500000000003
2024-04-12 18:00:00;334.82833333333326
2024-04-12 18:01:00;332.92
2024-04-12 18:02:00;329.3900000000001
2024-04-12 18:03:00;297.3566666666666
2024-04-12 18:04:00;257.2683333333333
2024-04-12 18:05:00;253.265
2024-04-12 18:06:00;251.48833333333332
2024-04-12 18:07:00;250.58000000000004
2024-04-12 18:08:00;249.63000000000005
2024-04-12 18:09:00;248.98333333333335
2024-04-12 18:10:00;248.7716666666667
2024-04-12 18:11:00;248.65166666666664
2024-04-12 18:12:00;248.56666666666663
2024-04-12 18:13:00;180.21833333333333
2024-04-12 18:14:00;120.0
2024-04-12 18:15:00;120.0
2024-04-12 18:16:00;120.0
2024-04-12 18:17:00;120.0
2024-04-12 18:18:00;120.0
2024-04-12 18:19:00;120.0
2024-04-12 18:20:00;120.0
2024-04-12 18:21:00;120.0
2024-04-12 18:22:00;120.0
2024-04-12 18:23:00;120.0
2024-04-12 18:24:00;166.7583333333333
2024-04-12 18:25:00;147.78333333333333
2024-04-12 18:26:00;191.7833333333333
2024-04-12 18:27:00;164.53
2024-04-12 18:28:00;187.0
2024-04-12 18:29:00;172.06166666666664
2024-04-12 18:30:00;168.01833333333337
2024-04-12 18:31:00;170.0466666666667
2024-04-12 18:32:00;171.63
2024-04-12 18:33:00;156.75166666666664
2024-04-12 18:34:00;164.8233333333333
2024-04-12 18:35:00;176.535
2024-04-12 18:36:00;149.05333333333334
2024-04-12 18:37:00;169.89166666666668
2024-04-12 18:38:00;181.62833333333336
2024-04-12 18:39:00;163.11833333333334
2024-04-12 18:40:00;195.19833333333332
2024-04-12 18:41:00;334.7616666666666
2024-04-12 18:42:00;335.33166666666665
2024-04-12 18:43:00;306.1983333333334
2024-04-12 18:44:00;293.6316666666667
2024-04-12 18:45:00;308.2849999999999
2024-04-12 18:46:00;317.21000000000004
2024-04-12 18:47:00;315.44166666666666
2024-04-12 18:48:00;314.55
2024-04-12 18:49:00;313.59666666666664
2024-04-12 18:50:00;294.555
2024-04-12 18:51:00;290.90666666666664
2024-04-12 18:52:00;267.06
2024-04-12 18:53:00;279.3033333333333
2024-04-12 18:54:00;241.9683333333333
2024-04-12 18:55:00;163.88500000000002
2024-04-12 18:56:00;154.97833333333335
2024-04-12 18:57:00;184.0
2024-04-12 18:58:00;148.23666666666665
2024-04-12 18:59:00;132.77833333333334
2024-04-12 19:00:00;181.355
2024-04-12 19:01:00;172.085
2024-04-12 19:02:00;180.72
2024-04-12 19:03:00;179.68166666666667
2024-04-12 19:04:00;171.9
2024-04-12 19:05:00;178.31166666666667
2024-04-12 19:06:00;184.855
2024-04-12 19:07:00;178.68333333333334
2024-04-12 19:08:00;146.32000000000002
2024-04-12 19:09:00;120.0
2024-04-12 19:10:00;120.0
2024-04-12 19:11:00;120.0
2024-04-12 19:12:00;120.0
2024-04-12 19:13:00;167.45
2024-04-12 19:14:00;171.46500000000003
2024-04-12 19:15:00;166.235
2024-04-12 19:16:00;168.62166666666664
2024-04-12 19:17:00;171.62333333333336
2024-04-12 19:18:00;174.62666666666664
2024-04-12 19:19:00;173.7533333333333
2024-04-12 19:20:00;173.6866666666666
2024-04-12 19:21:00;160.38
2024-04-12 19:22:00;120.0
2024-04-12 19:23:00;120.0
2024-04-12 19:24:00;120.0
2024-04-12 19:25:00;120.0
2024-04-12 19:26:00;120.0
2024-04-12 19:27:00;120.0
2024-04-12 19:28:00;120.0
2024-04-12 19:29:00;120.0
2024-04-12 19:30:00;120.0
2024-04-12 19:31:00;120.0
2024-04-12 19:32:00;120.0
2024-04-12 19:33:00;120.0
2024-04-12 19:34:00;120.0
2024-04-12 19:35:00;120.0
2024-04-12 19:36:00;120.0
2024-04-12 19:37:00;120.0
2024-04-12 19:38:00;120.0
2024-04-12 19:39:00;120.0
2024-04-12 19:40:00;120.0
2024-04-12 19:41:00;120.0
2024-04-12 19:42:00;120.0
2024-04-12 19:43:00;120.0
2024-04-12 19:44:00;120.0
2024-04-12 19:45:00;120.0
2024-04-12 19:46:00;120.0
2024-04-12 19:47:00;120.0
2024-04-12 19:48:00;120.0
2024-04-12 19:49:00;120.0
2024-04-12 19:50:00;120.0
2024-04-12 19:51:00;120.0
2024-04-12 19:52:00;120.0
2024-04-12 19:53:00;120.0
2024-04-12 19:54:00;120.0
2024-04-12 19:55:00;120.0
2024-04-12 19:56:00;120.0
2024-04-12 19:57:00;120.0
2024-04-12 19:58:00;120.0
2024-04-12 19:59:00;252.69833333333332
2024-04-12 20:00:00;276.34833333333336
2024-04-12 20:01:00;269.045
2024-04-12 20:02:00;262.82500000000005
2024-04-12 20:03:00;258.38166666666666
2024-04-12 20:04:00;254.0616666666667
2024-04-12 20:05:00;252.0433333333333
2024-04-12 20:06:00;250.88
2024-04-12 20:07:00;249.995
2024-04-12 20:08:00;249.1083333333333
2024-04-12 20:09:00;248.83999999999995
2024-04-12 20:10:00;248.6883333333334
2024-04-12 20:11:00;248.6
2024-04-12 20:12:00;227.5016666666667
2024-04-12 20:13:00;230.3466666666667
2024-04-12 20:14:00;221.49833333333336
2024-04-12 20:15:00;219.78
2024-04-12 20:16:00;218.35
2024-04-12 20:17:00;218.8233333333333
2024-04-12 20:18:00;219.81666666666663
2024-04-12 20:19:00;219.42666666666665
2024-04-12 20:20:00;219.2383333333334
2024-04-12 20:21:00;219.10666666666663
2024-04-12 20:22:00;219.0
2024-04-12 20:23:00;218.91166666666663
2024-04-12 20:24:00;218.85666666666663
2024-04-12 20:25:00;218.79999999999995
2024-04-12 20:26:00;218.7383333333334
2024-04-12 20:27:00;218.70000000000007
2024-04-12 20:28:00;218.67
2024-04-12 20:29:00;218.6
2024-04-12 20:30:00;218.6
2024-04-12 20:31:00;218.565
2024-04-12 20:32:00;218.5
2024-04-12 20:33:00;218.5
2024-04-12 20:34:00;218.5
2024-04-12 20:35:00;218.43833333333333
2024-04-12 20:36:00;218.4
2024-04-12 20:37:00;218.4
2024-04-12 20:38:00;218.4
2024-04-12 20:39:00;218.4
2024-04-12 20:40:00;218.31166666666655
2024-04-12 20:41:00;218.29999999999995
2024-04-12 20:42:00;218.29999999999995
2024-04-12 20:43:00;218.29999999999995
2024-04-12 20:44:00;218.29999999999995
2024-04-12 20:45:00;218.29999999999995
2024-04-12 20:46:00;218.21333333333345
2024-04-12 20:47:00;218.20000000000007
2024-04-12 20:48:00;218.20000000000007
2024-04-12 20:49:00;218.20000000000007
2024-04-12 20:50:00;218.20000000000007
2024-04-12 20:51:00;218.20000000000007
2024-04-12 20:52:00;218.20000000000007
2024-04-12 20:53:00;303.9016666666667
2024-04-12 20:54:00;375.0083333333332
2024-04-12 20:55:00;369.7683333333334
2024-04-12 20:56:00;362.3166666666667
2024-04-12 20:57:00;357.9766666666666
2024-04-12 20:58:00;353.1766666666666
2024-04-12 20:59:00;350.685
2024-04-12 21:00:00;349.20666666666665
2024-04-12 21:01:00;348.35500000000013
2024-04-12 21:02:00;347.35499999999985
2024-04-12 21:03:00;346.94666666666666
2024-04-12 21:04:00;346.76166666666666
2024-04-12 21:05:00;346.64833333333326
2024-04-12 21:06:00;346.56166666666667
2024-04-12 21:07:00;233.2433333333333
2024-04-12 21:08:00;218.0
2024-04-12 21:09:00;218.0
2024-04-12 21:10:00;218.0
2024-04-12 21:11:00;218.0
2024-04-12 21:12:00;218.0
2024-04-12 21:13:00;218.0
2024-04-12 21:14:00;218.0
2024-04-12 21:15:00;217.97166666666664
2024-04-12 21:16:00;217.9
2024-04-12 21:17:00;217.9
2024-04-12 21:18:00;217.9
2024-04-12 21:19:00;217.9
2024-04-12 21:20:00;217.9
2024-04-12 21:21:00;217.9
2024-04-12 21:22:00;217.9
2024-04-12 21:23:00;217.9
2024-04-12 21:24:00;217.9
2024-04-12 21:25:00;217.9
2024-04-12 21:26:00;217.9
2024-04-12 21:27:00;218.60666666666668
2024-04-12 21:28:00;140.20833333333334
2024-04-12 21:29:00;120.0
2024-04-12 21:30:00;120.0
2024-04-12 21:31:00;120.0
2024-04-12 21:32:00;120.0
2024-04-12 21:33:00;120.0
2024-04-12 21:34:00;120.0
2024-04-12 21:35:00;120.0
2024-04-12 21:36:00;120.0
2024-04-12 21:37:00;121.62333333333332
2024-04-12 21:38:00;229.31333333333336
2024-04-12 21:39:00;221.54
2024-04-12 21:40:00;219.80166666666665
2024-04-12 21:41:00;218.3733333333333
2024-04-12 21:42:00;218.78166666666664
2024-04-12 21:43:00;219.82833333333332
2024-04-12 21:44:00;219.43166666666664
2024-04-12 21:45:00;219.2400000000001
2024-04-12 21:46:00;219.11
2024-04-12 21:47:00;219.0
2024-04-12 21:48:00;218.91333333333333
2024-04-12 21:49:00;218.8583333333333
2024-04-12 21:50:00;218.79999999999995
2024-04-12 21:51:00;218.7400000000001
2024-04-12 21:52:00;218.70000000000007
2024-04-12 21:53:00;218.67166666666668
2024-04-12 21:54:00;218.6
2024-04-12 21:55:00;218.6
2024-04-12 21:56:00;218.56666666666663
2024-04-12 21:57:00;218.5
2024-04-12 21:58:00;218.5
2024-04-12 21:59:00;218.5
2024-04-12 22:00:00;218.44
2024-04-12 22:01:00;218.4
2024-04-12 22:02:00;218.4
2024-04-12 22:03:00;218.4
2024-04-12 22:04:00;218.4
2024-04-12 22:05:00;218.31333333333325
2024-04-12 22:06:00;218.29999999999995
2024-04-12 22:07:00;218.29999999999995
2024-04-12 22:08:00;218.29999999999995
2024-04-12 22:09:00;218.29999999999995
2024-04-12 22:10:00;218.29999999999995
2024-04-12 22:11:00;366.6283333333333
2024-04-12 22:12:00;374.2233333333333
2024-04-12 22:13:00;366.4316666666667
2024-04-12 22:14:00;360.5866666666666
2024-04-12 22:15:00;356.1000000000001
2024-04-12 22:16:00;351.9566666666666
2024-04-12 22:17:00;350.04500000000013
2024-04-12 22:18:00;348.94666666666666
2024-04-12 22:19:00;348.03000000000003
2024-04-12 22:20:00;347.195
2024-04-12 22:21:00;346.94000000000017
2024-04-12 22:22:00;346.7833333333334
2024-04-12 22:23:00;346.68499999999983
2024-04-12 22:24:00;310.44333333333327
2024-04-12 22:25:00;218.1
2024-04-12 22:26:00;218.1
2024-04-12 22:27:00;218.1
2024-04-12 22:28:00;218.045
2024-04-12 22:29:00;218.0
2024-04-12 22:30:00;218.0
2024-04-12 22:31:00;218.0
2024-04-12 22:32:00;218.0
2024-04-12 22:33:00;218.0
2024-04-12 22:34:00;218.0
2024-04-12 22:35:00;218.0
2024-04-12 22:36:00;218.0
2024-04-12 22:37:00;218.0
2024-04-12 22:38:00;218.0
2024-04-12 22:39:00;218.0
2024-04-12 22:40:00;217.97333333333333
2024-04-12 22:41:00;217.9
2024-04-12 22:42:00;217.9
2024-04-12 22:43:00;217.9
2024-04-12 22:44:00;217.9
2024-04-12 22:45:00;217.9
2024-04-12 22:46:00;217.9
2024-04-12 22:47:00;217.9
2024-04-12 22:48:00;217.9
2024-04-12 22:49:00;217.9
2024-04-12 22:50:00;217.9
2024-04-12 22:51:00;217.9
2024-04-12 22:52:00;218.64666666666665
2024-04-12 22:53:00;141.8
2024-04-12 22:54:00;120.0
2024-04-12 22:55:00;120.0
2024-04-12 22:56:00;120.0
2024-04-12 22:57:00;120.0
2024-04-12 22:58:00;120.0
2024-04-12 22:59:00;120.0
2024-04-12 23:00:00;120.0
2024-04-12 23:01:00;184.925
2024-04-12 23:02:00;276.7183333333333
2024-04-12 23:03:00;272.865
2024-04-12 23:04:00;264.95833333333326
2024-04-12 23:05:00;260.4783333333333
2024-04-12 23:06:00;255.61999999999995
2024-04-12 23:07:00;252.86666666666676
2024-04-12 23:08:00;251.24166666666665
2024-04-12 23:09:00;250.39166666666668
2024-04-12 23:10:00;249.425
2024-04-12 23:11:00;248.9233333333333
2024-04-12 23:12:00;248.7450000000001
2024-04-12 23:13:00;248.63
2024-04-12 23:14:00;248.545
2024-04-12 23:15:00;152.37666666666664
2024-04-12 23:16:00;120.0
2024-04-12 23:17:00;120.0
2024-04-12 23:18:00;120.0
2024-04-12 23:19:00;120.0
2024-04-12 23:20:00;120.0
2024-04-12 23:21:00;120.0
2024-04-12 23:22:00;120.0
2024-04-12 23:23:00;120.0
2024-04-12 23:24:00;120.0
2024-04-12 23:25:00;120.0
2024-04-12 23:26:00;120.0
2024-04-12 23:27:00;120.0
2024-04-12 23:28:00;120.0
2024-04-12 23:29:00;120.0
2024-04-12 23:30:00;120.0
2024-04-12 23:31:00;120.0
2024-04-12 23:32:00;120.0
2024-04-12 23:33:00;120.0
2024-04-12 23:34:00;120.0
2024-04-12 23:35:00;120.0
2024-04-12 23:36:00;120.0
2024-04-12 23:37:00;120.0
2024-04-12 23:38:00;120.0
2024-04-12 23:39:00;120.0
2024-04-12 23:40:00;120.0
2024-04-12 23:41:00;120.0
2024-04-12 23:42:00;120.0
2024-04-12 23:43:00;120.0
2024-04-12 23:44:00;120.0
2024-04-12 23:45:00;120.0
2024-04-12 23:46:00;120.0
2024-04-12 23:47:00;120.0
2024-04-12 23:48:00;120.0
2024-04-12 23:49:00;120.0
2024-04-12 23:50:00;120.0
2024-04-12 23:51:00;120.0
2024-04-12 23:52:00;120.0
2024-04-12 23:53:00;120.0
2024-04-12 23:54:00;120.0
2024-04-12 23:55:00;120.0
2024-04-12 23:56:00;120.0
2024-04-12 23:57:00;120.0
2024-04-12 23:58:00;120.0
2024-04-12 23:59:00;120.0
2024-04-13 00:00:00;276.2233333333333
2024-04-13 00:01:00;275.7883333333333
2024-04-13 00:02:00;267.8
2024-04-13 00:03:00;262.1666666666667
2024-04-13 00:04:00;257.665
2024-04-13 00:05:00;253.6516666666666
2024-04-13 00:06:00;251.79500000000007
2024-04-13 00:07:00;250.75
2024-04-13 00:08:00;249.83666666666664
2024-04-13 00:09:00;249.045
2024-04-13 00:10:00;248.81166666666675
2024-04-13 00:11:00;248.67166666666668
2024-04-13 00:12:00;248.58666666666664
2024-04-13 00:13:00;205.91833333333332
2024-04-13 00:14:00;120.0
2024-04-13 00:15:00;120.0
2024-04-13 00:16:00;120.0
2024-04-13 00:17:00;120.0
2024-04-13 00:18:00;120.0
2024-04-13 00:19:00;120.0
2024-04-13 00:20:00;120.0
2024-04-13 00:21:00;120.0
2024-04-13 00:22:00;120.0
2024-04-13 00:23:00;120.0
2024-04-13 00:24:00;120.0
2024-04-13 00:25:00;120.0
2024-04-13 00:26:00;120.0
2024-04-13 00:27:00;120.0
2024-04-13 00:28:00;120.0
2024-04-13 00:29:00;120.0
2024-04-13 00:30:00;120.0
2024-04-13 00:31:00;120.0
2024-04-13 00:32:00;120.0
2024-04-13 00:33:00;120.0
2024-04-13 00:34:00;120.0
2024-04-13 00:35:00;120.0
2024-04-13 00:36:00;120.0
2024-04-13 00:37:00;120.0
2024-04-13 00:38:00;120.0
2024-04-13 00:39:00;120.0
2024-04-13 00:40:00;120.0
2024-04-13 00:41:00;120.0
2024-04-13 00:42:00;120.0
2024-04-13 00:43:00;120.0
2024-04-13 00:44:00;120.0
2024-04-13 00:45:00;120.0
2024-04-13 00:46:00;120.0
2024-04-13 00:47:00;120.0
2024-04-13 00:48:00;120.0
2024-04-13 00:49:00;120.0
2024-04-13 00:50:00;120.0
2024-04-13 00:51:00;120.0
2024-04-13 00:52:00;120.0
2024-04-13 00:53:00;120.0
2024-04-13 00:54:00;120.0
2024-04-13 00:55:00;120.0
2024-04-13 00:56:00;120.0
2024-04-13 00:57:00;154.675
2024-04-13 00:58:00;275.555
2024-04-13 00:59:00;274.4516666666667
2024-04-13 01:00:00;266.2783333333333
2024-04-13 01:01:00;261.2883333333333
2024-04-13 01:02:00;256.5416666666667
2024-04-13 01:03:00;253.23666666666665
2024-04-13 01:04:00;251.465
2024-04-13 01:05:00;250.56500000000003
2024-04-13 01:06:00;249.61333333333337
2024-04-13 01:07:00;248.98
2024-04-13 01:08:00;248.76833333333337
2024-04-13 01:09:00;248.65
2024-04-13 01:10:00;248.565
2024-04-13 01:11:00;178.07666666666665
2024-04-13 01:12:00;120.0
2024-04-13 01:13:00;120.0
2024-04-13 01:14:00;120.0
2024-04-13 01:15:00;120.0
2024-04-13 01:16:00;120.0
2024-04-13 01:17:00;120.0
2024-04-13 01:18:00;120.0
2024-04-13 01:19:00;120.0
2024-04-13 01:20:00;120.0
2024-04-13 01:21:00;120.0
2024-04-13 01:22:00;120.0
2024-04-13 01:23:00;120.0
2024-04-13 01:24:00;120.0
2024-04-13 01:25:00;120.0
2024-04-13 01:26:00;120.0
2024-04-13 01:27:00;142.25333333333336
2024-04-13 01:28:00;274.8933333333333
2024-04-13 01:29:00;275.025
2024-04-13 01:30:00;266.84166666666664
2024-04-13 01:31:00;261.6166666666667
2024-04-13 01:32:00;256.9833333333333
2024-04-13 01:33:00;253.3716666666667
2024-04-13 01:34:00;251.5883333333333
2024-04-13 01:35:00;250.63500000000005
2024-04-13 01:36:00;249.69666666666672
2024-04-13 01:37:00;249.00333333333336
2024-04-13 01:38:00;248.78500000000005
2024-04-13 01:39:00;248.65833333333333
2024-04-13 01:40:00;248.57333333333327
2024-04-13 01:41:00;188.785
2024-04-13 01:42:00;120.0
2024-04-13 01:43:00;120.0
2024-04-13 01:44:00;120.0
2024-04-13 01:45:00;120.0
2024-04-13 01:46:00;120.0
2024-04-13 01:47:00;120.0
2024-04-13 01:48:00;120.0
2024-04-13 01:49:00;120.0
2024-04-13 01:50:00;120.0
2024-04-13 01:51:00;120.0
2024-04-13 01:52:00;120.0
2024-04-13 01:53:00;120.0
2024-04-13 01:54:00;120.0
2024-04-13 01:55:00;120.0
2024-04-13 01:56:00;120.0
2024-04-13 01:57:00;120.0
2024-04-13 01:58:00;120.0
2024-04-13 01:59:00;120.0
2024-04-13 02:00:00;120.0
2024-04-13 02:01:00;120.0
2024-04-13 02:02:00;120.0
2024-04-13 02:03:00;120.0
2024-04-13 02:04:00;120.0
2024-04-13 02:05:00;120.0
2024-04-13 02:06:00;120.0
2024-04-13 02:07:00;120.0
2024-04-13 02:08:00;120.0
2024-04-13 02:09:00;120.0
2024-04-13 02:10:00;120.0
2024-04-13 02:11:00;120.0
2024-04-13 02:12:00;120.0
2024-04-13 02:13:00;120.0
2024-04-13 02:14:00;120.0
2024-04-13 02:15:00;120.0
2024-04-13 02:16:00;120.0
2024-04-13 02:17:00;120.0
2024-04-13 02:18:00;120.0
2024-04-13 02:19:00;120.0
2024-04-13 02:20:00;120.0
2024-04-13 02:21:00;120.0
2024-04-13 02:22:00;120.0
2024-04-13 02:23:00;120.0
2024-04-13 02:24:00;120.0
2024-04-13 02:25:00;120.0
2024-04-13 02:26:00;120.0
2024-04-13 02:27:00;120.0
2024-04-13 02:28:00;120.0
2024-04-13 02:29:00;154.675
2024-04-13 02:30:00;275.555
2024-04-13 02:31:00;274.4516666666667
2024-04-13 02:32:00;266.2783333333333
2024-04-13 02:33:00;261.2883333333333
2024-04-13 02:34:00;256.5416666666667
2024-04-13 02:35:00;253.23666666666665
2024-04-13 02:36:00;251.465
2024-04-13 02:37:00;250.56500000000003
2024-04-13 02:38:00;249.61333333333337
2024-04-13 02:39:00;248.98
2024-04-13 02:40:00;248.76833333333337
2024-04-13 02:41:00;248.65
2024-04-13 02:42:00;248.565
2024-04-13 02:43:00;178.07666666666665
2024-04-13 02:44:00;120.0
2024-04-13 02:45:00;120.0
2024-04-13 02:46:00;120.0
2024-04-13 02:47:00;120.0
2024-04-13 02:48:00;120.0
2024-04-13 02:49:00;120.0
2024-04-13 02:50:00;120.0
2024-04-13 02:51:00;120.0
2024-04-13 02:52:00;120.0
2024-04-13 02:53:00;120.0
2024-04-13 02:54:00;120.0
2024-04-13 02:55:00;120.0
2024-04-13 02:56:00;120.0
2024-04-13 02:57:00;120.0
2024-04-13 02:58:00;120.0
2024-04-13 02:59:00;120.0
2024-04-13 03:00:00;120.0
2024-04-13 03:01:00;120.0
2024-04-13 03:02:00;120.0
2024-04-13 03:03:00;120.0
2024-04-13 03:04:00;120.0
2024-04-13 03:05:00;120.0
2024-04-13 03:06:00;120.0
2024-04-13 03:07:00;120.0
2024-04-13 03:08:00;120.0
2024-04-13 03:09:00;120.0
2024-04-13 03:10:00;120.0
2024-04-13 03:11:00;120.0
2024-04-13 03:12:00;120.0
2024-04-13 03:13:00;120.0
2024-04-13 03:14:00;120.0
2024-04-13 03:15:00;120.0
2024-04-13 03:16:00;120.0
2024-04-13 03:17:00;120.0
2024-04-13 03:18:00;120.0
2024-04-13 03:19:00;120.0
2024-04-13 03:20:00;120.0
2024-04-13 03:21:00;120.0
2024-04-13 03:22:00;120.0
2024-04-13 03:23:00;120.0
2024-04-13 03:24:00;120.0
2024-04-13 03:25:00;120.0
2024-04-13 03:26:00;120.0
2024-04-13 03:27:00;120.0
2024-04-13 03:28:00;120.0
2024-04-13 03:29:00;120.0
2024-04-13 03:30:00;120.0
2024-04-13 03:31:00;120.0
2024-04-13 03:32:00;120.0
2024-04-13 03:33:00;120.0
2024-04-13 03:34:00;120.0
2024-04-13 03:35:00;120.0
2024-04-13 03:36:00;120.0
2024-04-13 03:37:00;120.0
2024-04-13 03:38:00;120.0
2024-04-13 03:39:00;120.0
2024-04-13 03:40:00;120.0
2024-04-13 03:41:00;120.0
2024-04-13 03:42:00;120.0
2024-04-13 03:43:00;120.0
2024-04-13 03:44:00;120.0
2024-04-13 03:45:00;147.2133333333333
2024-04-13 03:46:00;275.1666666666667
2024-04-13 03:47:00;274.8016666666666
2024-04-13 03:48:00;266.61333333333334
2024-04-13 03:49:00;261.4866666666667
2024-04-13 03:50:00;256.8033333333334
2024-04-13 03:51:00;253.31833333333333
2024-04-13 03:52:00;251.53833333333336
2024-04-13 03:53:00;250.6066666666667
2024-04-13 03:54:00;249.66333333333336
2024-04-13 03:55:00;248.9933333333333
2024-04-13 03:56:00;248.7783333333334
2024-04-13 03:57:00;248.655
2024-04-13 03:58:00;248.57
2024-04-13 03:59:00;184.50166666666664
2024-04-13 04:00:00;120.0
2024-04-13 04:01:00;120.0
2024-04-13 04:02:00;120.0
2024-04-13 04:03:00;120.0
2024-04-13 04:04:00;120.0
2024-04-13 04:05:00;120.0
2024-04-13 04:06:00;120.0
2024-04-13 04:07:00;120.0
2024-04-13 04:08:00;120.0
2024-04-13 04:09:00;120.0
2024-04-13 04:10:00;120.0
2024-04-13 04:11:00;120.0
2024-04-13 04:12:00;120.0
2024-04-13 04:13:00;120.0
2024-04-13 04:14:00;120.0
2024-04-13 04:15:00;120.0
2024-04-13 04:16:00;120.0
2024-04-13 04:17:00;120.0
2024-04-13 04:18:00;120.0
2024-04-13 04:19:00;120.0
2024-04-13 04:20:00;120.0
2024-04-13 04:21:00;120.0
2024-04-13 04:22:00;120.0
2024-04-13 04:23:00;120.0
2024-04-13 04:24:00;120.0
2024-04-13 04:25:00;120.0
2024-04-13 04:26:00;120.0
2024-04-13 04:27:00;120.0
2024-04-13 04:28:00;120.0
2024-04-13 04:29:00;120.0
2024-04-13 04:30:00;120.0
2024-04-13 04:31:00;120.0
2024-04-13 04:32:00;120.0
2024-04-13 04:33:00;120.0
2024-04-13 04:34:00;120.0
2024-04-13 04:35:00;120.0
2024-04-13 04:36:00;120.0
2024-04-13 04:37:00;120.0
2024-04-13 04:38:00;120.0
2024-04-13 04:39:00;120.0
2024-04-13 04:40:00;120.0
2024-04-13 04:41:00;120.0
2024-04-13 04:42:00;120.0
2024-04-13 04:43:00;120.0
2024-04-13 04:44:00;120.0
2024-04-13 04:45:00;120.0
2024-04-13 04:46:00;120.0
2024-04-13 04:47:00;184.925
2024-04-13 04:48:00;276.7183333333333
2024-04-13 04:49:00;272.865
2024-04-13 04:50:00;264.95833333333326
2024-04-13 04:51:00;260.4783333333333
2024-04-13 04:52:00;255.61999999999995
2024-04-13 04:53:00;252.86666666666676
2024-04-13 04:54:00;251.24166666666665
2024-04-13 04:55:00;250.39166666666668
2024-04-13 04:56:00;249.425
2024-04-13 04:57:00;248.9233333333333
2024-04-13 04:58:00;248.7450000000001
2024-04-13 04:59:00;248.63
2024-04-13 05:00:00;248.545
2024-04-13 05:01:00;152.37666666666664
2024-04-13 05:02:00;120.0
2024-04-13 05:03:00;120.0
2024-04-13 05:04:00;120.0
2024-04-13 05:05:00;120.0
2024-04-13 05:06:00;120.0
2024-04-13 05:07:00;120.0
2024-04-13 05:08:00;120.0
2024-04-13 05:09:00;120.0
2024-04-13 05:10:00;120.0
2024-04-13 05:11:00;120.0
2024-04-13 05:12:00;120.0
2024-04-13 05:13:00;120.0
2024-04-13 05:14:00;120.0
2024-04-13 05:15:00;120.0
2024-04-13 05:16:00;120.0
2024-04-13 05:17:00;120.0
2024-04-13 05:18:00;120.0
2024-04-13 05:19:00;120.0
2024-04-13 05:20:00;120.0
2024-04-13 05:21:00;120.0
2024-04-13 05:22:00;120.0
2024-04-13 05:23:00;120.0
2024-04-13 05:24:00;120.0
2024-04-13 05:25:00;120.0
2024-04-13 05:26:00;120.0
2024-04-13 05:27:00;120.0
2024-04-13 05:28:00;120.0
2024-04-13 05:29:00;120.0
2024-04-13 05:30:00;120.0
2024-04-13 05:31:00;120.0
2024-04-13 05:32:00;120.0
2024-04-13 05:33:00;120.0
2024-04-13 05:34:00;120.0
2024-04-13 05:35:00;120.0
2024-04-13 05:36:00;120.0
2024-04-13 05:37:00;120.0
2024-04-13 05:38:00;120.0
2024-04-13 05:39:00;120.0
2024-04-13 05:40:00;120.0
2024-04-13 05:41:00;120.0
2024-04-13 05:42:00;120.0
2024-04-13 05:43:00;120.0
2024-04-13 05:44:00;120.0
2024-04-13 05:45:00;120.0
2024-04-13 05:46:00;120.0
2024-04-13 05:47:00;120.0
2024-04-13 05:48:00;120.0
2024-04-13 05:49:00;120.0
2024-04-13 05:50:00;120.0
2024-04-13 05:51:00;120.0
2024-04-13 05:52:00;120.0
2024-04-13 05:53:00;120.0
2024-04-13 05:54:00;120.0
2024-04-13 05:55:00;120.0
2024-04-13 05:56:00;120.0
2024-04-13 05:57:00;120.0
2024-04-13 05:58:00;120.0
2024-04-13 05:59:00;120.0
2024-04-13 06:00:00;120.0
2024-04-13 06:01:00;120.0
2024-04-13 06:02:00;120.0
2024-04-13 06:03:00;120.0
2024-04-13 06:04:00;120.0
2024-04-13 06:05:00;120.0
2024-04-13 06:06:00;120.0
2024-04-13 06:07:00;197.915
2024-04-13 06:08:00;276.82
2024-04-13 06:09:00;272.11833333333334
2024-04-13 06:10:00;264.47
2024-04-13 06:11:00;260.1016666666667
2024-04-13 06:12:00;255.2783333333333
2024-04-13 06:13:00;252.695
2024-04-13 06:14:00;251.17499999999995
2024-04-13 06:15:00;250.31666666666663
2024-04-13 06:16:00;249.35333333333332
2024-04-13 06:17:00;248.90333333333328
2024-04-13 06:18:00;248.73666666666676
2024-04-13 06:19:00;248.62166666666664
2024-04-13 06:20:00;248.5366666666667
2024-04-13 06:21:00;141.66833333333332
2024-04-13 06:22:00;120.0
2024-04-13 06:23:00;120.0
2024-04-13 06:24:00;120.0
2024-04-13 06:25:00;120.0
2024-04-13 06:26:00;120.0
2024-04-13 06:27:00;120.0
2024-04-13 06:28:00;120.0
2024-04-13 06:29:00;120.0
2024-04-13 06:30:00;120.0
2024-04-13 06:31:00;120.0
2024-04-13 06:32:00;120.0
2024-04-13 06:33:00;120.0
2024-04-13 06:34:00;120.0
2024-04-13 06:35:00;120.0
2024-04-13 06:36:00;120.0
2024-04-13 06:37:00;120.0
2024-04-13 06:38:00;120.0
2024-04-13 06:39:00;120.0
2024-04-13 06:40:00;120.0
2024-04-13 06:41:00;120.0
2024-04-13 06:42:00;120.0
2024-04-13 06:43:00;120.0
2024-04-13 06:44:00;120.0
2024-04-13 06:45:00;120.0
2024-04-13 06:46:00;120.0
2024-04-13 06:47:00;120.0
2024-04-13 06:48:00;120.0
2024-04-13 06:49:00;120.0
2024-04-13 06:50:00;120.0
2024-04-13 06:51:00;120.0
2024-04-13 06:52:00;120.0
2024-04-13 06:53:00;120.0
2024-04-13 06:54:00;213.545
2024-04-13 06:55:00;276.91
2024-04-13 06:56:00;271.1483333333333
2024-04-13 06:57:00;263.9316666666667
2024-04-13 06:58:00;259.62500000000006
2024-04-13 06:59:00;254.89333333333332
2024-04-13 07:00:00;252.5
2024-04-13 07:01:00;251.0900000000001
2024-04-13 07:02:00;250.2483333333333
2024-04-13 07:03:00;249.25166666666664
2024-04-13 07:04:00;248.88333333333327
2024-04-13 07:05:00;248.72666666666677
2024-04-13 07:06:00;248.61166666666665
2024-04-13 07:07:00;248.52666666666667
2024-04-13 07:08:00;128.81833333333333
2024-04-13 07:09:00;120.0
2024-04-13 07:10:00;120.0
2024-04-13 07:11:00;120.0
2024-04-13 07:12:00;120.0
2024-04-13 07:13:00;120.0
2024-04-13 07:14:00;120.0
2024-04-13 07:15:00;120.0
2024-04-13 07:16:00;120.0
2024-04-13 07:17:00;120.0
2024-04-13 07:18:00;120.0
2024-04-13 07:19:00;120.0
2024-04-13 07:20:00;120.0
2024-04-13 07:21:00;120.0
2024-04-13 07:22:00;120.0
2024-04-13 07:23:00;120.0
2024-04-13 07:24:00;120.0
2024-04-13 07:25:00;120.0
2024-04-13 07:26:00;120.0
2024-04-13 07:27:00;120.0
2024-04-13 07:28:00;120.0
2024-04-13 07:29:00;120.0
2024-04-13 07:30:00;120.0
2024-04-13 07:31:00;120.0
2024-04-13 07:32:00;149.1266666666667
2024-04-13 07:33:00;1770.8483333333336
2024-04-13 07:34:00;2004.3616666666671
2024-04-13 07:35:00;481.5016666666668
2024-04-13 07:36:00;120.34666666666664
2024-04-13 07:37:00;190.505
2024-04-13 07:38:00;277.14166666666665
2024-04-13 07:39:00;272.965
2024-04-13 07:40:00;962.9783333333334
2024-04-13 07:41:00;260.75499999999994
2024-04-13 07:42:00;255.9066666666667
2024-04-13 07:43:00;253.2216666666667
2024-04-13 07:44:00;251.6383333333333
2024-04-13 07:45:00;670.3916666666667
2024-04-13 07:46:00;1026.9216666666666
2024-04-13 07:47:00;248.9133333333333
2024-04-13 07:48:00;248.7416666666668
2024-04-13 07:49:00;248.6266666666667
2024-04-13 07:50:00;248.54166666666663
2024-04-13 07:51:00;148.09333333333333
2024-04-13 07:52:00;120.0
2024-04-13 07:53:00;120.0
2024-04-13 07:54:00;120.0
2024-04-13 07:55:00;120.0
2024-04-13 07:56:00;120.0
2024-04-13 07:57:00;120.0
2024-04-13 07:58:00;120.0
2024-04-13 07:59:00;120.0
2024-04-13 08:00:00;120.0
2024-04-13 08:01:00;120.0
2024-04-13 08:02:00;120.0
2024-04-13 08:03:00;120.0
2024-04-13 08:04:00;120.0
2024-04-13 08:05:00;120.0
2024-04-13 08:06:00;120.0
2024-04-13 08:07:00;120.0
2024-04-13 08:08:00;120.0
2024-04-13 08:09:00;120.0
2024-04-13 08:10:00;400.75
2024-04-13 08:11:00;1243.0
2024-04-13 08:12:00;1243.0
2024-04-13 08:13:00;1243.0
2024-04-13 08:14:00;1243.0
2024-04-13 08:15:00;1243.0
2024-04-13 08:16:00;1243.0
2024-04-13 08:17:00;1243.0
2024-04-13 08:18:00;1243.0
2024-04-13 08:19:00;1243.0
2024-04-13 08:20:00;1244.506666666667
2024-04-13 08:21:00;1255.49
2024-04-13 08:22:00;993.61
2024-04-13 08:23:00;120.0
2024-04-13 08:24:00;120.0
2024-04-13 08:25:00;120.0
2024-04-13 08:26:00;120.0
2024-04-13 08:27:00;120.0
2024-04-13 08:28:00;120.0
2024-04-13 08:29:00;120.0
2024-04-13 08:30:00;120.0
2024-04-13 08:31:00;120.0
2024-04-13 08:32:00;120.0
2024-04-13 08:33:00;120.0
2024-04-13 08:34:00;120.0
2024-04-13 08:35:00;120.0
2024-04-13 08:36:00;438.1833333333333
2024-04-13 08:37:00;1243.0
2024-04-13 08:38:00;1243.0
2024-04-13 08:39:00;1243.0
2024-04-13 08:40:00;1243.0
2024-04-13 08:41:00;1243.0
2024-04-13 08:42:00;1243.0
2024-04-13 08:43:00;1243.0
2024-04-13 08:44:00;1243.0
2024-04-13 08:45:00;1243.0
2024-04-13 08:46:00;1244.8183333333334
2024-04-13 08:47:00;1255.6833333333334
2024-04-13 08:48:00;1018.005
2024-04-13 08:49:00;276.68833333333333
2024-04-13 08:50:00;273.0083333333333
2024-04-13 08:51:00;265.06
2024-04-13 08:52:00;260.5516666666667
2024-04-13 08:53:00;255.6916666666666
2024-04-13 08:54:00;252.90000000000003
2024-04-13 08:55:00;251.25666666666663
2024-04-13 08:56:00;250.405
2024-04-13 08:57:00;249.44000000000003
2024-04-13 08:58:00;248.92833333333328
2024-04-13 08:59:00;248.74666666666675
2024-04-13 09:00:00;248.6316666666667
2024-04-13 09:01:00;248.54666666666665
2024-04-13 09:02:00;154.51833333333337
2024-04-13 09:03:00;120.0
2024-04-13 09:04:00;120.0
2024-04-13 09:05:00;120.0
2024-04-13 09:06:00;120.0
2024-04-13 09:07:00;120.0
2024-04-13 09:08:00;120.0
2024-04-13 09:09:00;120.0
2024-04-13 09:10:00;120.0
2024-04-13 09:11:00;120.0
2024-04-13 09:12:00;120.0
2024-04-13 09:13:00;120.0
2024-04-13 09:14:00;120.0
2024-04-13 09:15:00;120.0
2024-04-13 09:16:00;120.0
2024-04-13 09:17:00;120.0
2024-04-13 09:18:00;120.0
2024-04-13 09:19:00;120.0
2024-04-13 09:20:00;120.0
2024-04-13 09:21:00;120.0
2024-04-13 09:22:00;120.0
2024-04-13 09:23:00;120.0
2024-04-13 09:24:00;120.0
2024-04-13 09:25:00;120.0
2024-04-13 09:26:00;120.0
2024-04-13 09:27:00;120.0
2024-04-13 09:28:00;120.0
2024-04-13 09:29:00;120.0
2024-04-13 09:30:00;120.0
2024-04-13 09:31:00;120.0
2024-04-13 09:32:00;120.0
2024-04-13 09:33:00;120.0
2024-04-13 09:34:00;120.0
2024-04-13 09:35:00;187.51833333333332
2024-04-13 09:36:00;276.7433333333333
2024-04-13 09:37:00;272.72
2024-04-13 09:38:00;264.8566666666666
2024-04-13 09:39:00;260.40500000000003
2024-04-13 09:40:00;255.55
2024-04-13 09:41:00;252.83166666666676
2024-04-13 09:42:00;251.22833333333327
2024-04-13 09:43:00;250.3766666666667
2024-04-13 09:44:00;249.41166666666672
2024-04-13 09:45:00;248.9183333333333
2024-04-13 09:46:00;248.74333333333345
2024-04-13 09:47:00;248.62833333333336
2024-04-13 09:48:00;248.5433333333333
2024-04-13 09:49:00;150.235
2024-04-13 09:50:00;120.0
2024-04-13 09:51:00;120.0
2024-04-13 09:52:00;120.0
2024-04-13 09:53:00;120.0
2024-04-13 09:54:00;120.0
2024-04-13 09:55:00;120.0
2024-04-13 09:56:00;120.0
2024-04-13 09:57:00;120.0
2024-04-13 09:58:00;120.0
2024-04-13 09:59:00;120.0
2024-04-13 10:00:00;120.0
2024-04-13 10:01:00;120.0
2024-04-13 10:02:00;120.0
2024-04-13 10:03:00;120.0
2024-04-13 10:04:00;120.0
2024-04-13 10:05:00;120.0
2024-04-13 10:06:00;120.0
2024-04-13 10:07:00;120.0
2024-04-13 10:08:00;120.0
2024-04-13 10:09:00;120.0
2024-04-13 10:10:00;120.0
2024-04-13 10:11:00;120.0
2024-04-13 10:12:00;120.0
2024-04-13 10:13:00;120.0
2024-04-13 10:14:00;120.0
2024-04-13 10:15:00;120.0
2024-04-13 10:16:00;120.0
2024-04-13 10:17:00;159.665
2024-04-13 10:18:00;275.7983333333333
2024-04-13 10:19:00;274.21
2024-04-13 10:20:00;266.05
2024-04-13 10:21:00;261.1633333333333
2024-04-13 10:22:00;256.37
2024-04-13 10:23:00;253.1833333333333
2024-04-13 10:24:00;251.4183333333333
2024-04-13 10:25:00;250.53500000000005
2024-04-13 10:26:00;249.58
2024-04-13 10:27:00;248.97333333333336
2024-04-13 10:28:00;248.76166666666677
2024-04-13 10:29:00;248.64666666666665
2024-04-13 10:30:00;248.56166666666667
2024-04-13 10:31:00;173.79333333333335
2024-04-13 10:32:00;120.0
2024-04-13 10:33:00;120.0
2024-04-13 10:34:00;120.0
2024-04-13 10:35:00;120.0
2024-04-13 10:36:00;120.0
2024-04-13 10:37:00;120.0
2024-04-13 10:38:00;120.0
2024-04-13 10:39:00;120.0
2024-04-13 10:40:00;120.0
2024-04-13 10:41:00;120.0
2024-04-13 10:42:00;120.0
2024-04-13 10:43:00;120.0
2024-04-13 10:44:00;120.0
2024-04-13 10:45:00;120.0
2024-04-13 10:46:00;120.0
2024-04-13 10:47:00;120.0
2024-04-13 10:48:00;120.0
2024-04-13 10:49:00;120.0
2024-04-13 10:50:00;120.0
2024-04-13 10:51:00;120.0
2024-04-13 10:52:00;120.0
2024-04-13 10:53:00;120.0
2024-04-13 10:54:00;120.0
2024-04-13 10:55:00;120.0
2024-04-13 10:56:00;120.0
2024-04-13 10:57:00;120.0
2024-04-13 10:58:00;120.0
2024-04-13 10:59:00;120.0
2024-04-13 11:00:00;120.0
2024-04-13 11:01:00;120.0
2024-04-13 11:02:00;120.0
2024-04-13 11:03:00;120.0
2024-04-13 11:04:00;120.0
2024-04-13 11:05:00;239.63833333333335
2024-04-13 11:06:00;276.59166666666664
2024-04-13 11:07:00;269.745
2024-04-13 11:08:00;263.18
2024-04-13 11:09:00;258.7966666666667
2024-04-13 11:10:00;254.31833333333336
2024-04-13 11:11:00;252.19
2024-04-13 11:12:00;250.94833333333332
2024-04-13 11:13:00;250.085
2024-04-13 11:14:00;249.15
2024-04-13 11:15:00;248.84999999999997
2024-04-13 11:16:00;248.70500000000007
2024-04-13 11:17:00;248.6
2024-04-13 11:18:00;235.9116666666667
2024-04-13 11:19:00;120.0
2024-04-13 11:20:00;120.0
2024-04-13 11:21:00;120.0
2024-04-13 11:22:00;120.0
2024-04-13 11:23:00;120.0
2024-04-13 11:24:00;120.0
2024-04-13 11:25:00;120.0
2024-04-13 11:26:00;120.0
2024-04-13 11:27:00;120.0
2024-04-13 11:28:00;120.0
2024-04-13 11:29:00;120.0
2024-04-13 11:30:00;120.0
2024-04-13 11:31:00;120.0
2024-04-13 11:32:00;120.0
2024-04-13 11:33:00;120.0
2024-04-13 11:34:00;120.0
2024-04-13 11:35:00;120.0
2024-04-13 11:36:00;120.0
2024-04-13 11:37:00;120.0
2024-04-13 11:38:00;120.0
2024-04-13 11:39:00;120.0
2024-04-13 11:40:00;120.0
2024-04-13 11:41:00;120.0
2024-04-13 11:42:00;120.0
2024-04-13 11:43:00;120.0
2024-04-13 11:44:00;120.0
2024-04-13 11:45:00;120.0
2024-04-13 11:46:00;120.0
2024-04-13 11:47:00;120.0
2024-04-13 11:48:00;120.0
2024-04-13 11:49:00;120.0
2024-04-13 11:50:00;120.0
2024-04-13 11:51:00;120.0
2024-04-13 11:52:00;120.0
2024-04-13 11:53:00;120.0
2024-04-13 11:54:00;120.0
2024-04-13 11:55:00;120.0
2024-04-13 11:56:00;120.0
2024-04-13 11:57:00;120.0
2024-04-13 11:58:00;120.0
2024-04-13 11:59:00;120.0
2024-04-13 12:00:00;120.0
2024-04-13 12:01:00;120.0
2024-04-13 12:02:00;120.0
2024-04-13 12:03:00;120.0
2024-04-13 12:04:00;120.0
2024-04-13 12:05:00;120.0
2024-04-13 12:06:00;120.0
2024-04-13 12:07:00;120.0
2024-04-13 12:08:00;120.0
2024-04-13 12:09:00;120.0
2024-04-13 12:10:00;120.0
2024-04-13 12:11:00;120.0
2024-04-13 12:12:00;120.0
2024-04-13 12:13:00;120.0
2024-04-13 12:14:00;120.0
2024-04-13 12:15:00;120.0
2024-04-13 12:16:00;120.0
2024-04-13 12:17:00;120.0
2024-04-13 12:18:00;120.0
2024-04-13 12:19:00;120.0
2024-04-13 12:20:00;142.25333333333336
2024-04-13 12:21:00;274.8933333333333
2024-04-13 12:22:00;275.025
2024-04-13 12:23:00;266.84166666666664
2024-04-13 12:24:00;261.6166666666667
2024-04-13 12:25:00;256.9833333333333
2024-04-13 12:26:00;253.3716666666667
2024-04-13 12:27:00;251.5883333333333
2024-04-13 12:28:00;250.63500000000005
2024-04-13 12:29:00;249.69666666666672
2024-04-13 12:30:00;249.00333333333336
2024-04-13 12:31:00;248.78500000000005
2024-04-13 12:32:00;248.65833333333333
2024-04-13 12:33:00;248.57333333333327
2024-04-13 12:34:00;188.785
2024-04-13 12:35:00;120.0
2024-04-13 12:36:00;120.0
2024-04-13 12:37:00;120.0
2024-04-13 12:38:00;120.0
2024-04-13 12:39:00;120.0
2024-04-13 12:40:00;120.0
2024-04-13 12:41:00;120.0
2024-04-13 12:42:00;120.0
2024-04-13 12:43:00;120.0
2024-04-13 12:44:00;120.0
2024-04-13 12:45:00;120.0
2024-04-13 12:46:00;120.0
2024-04-13 12:47:00;120.0
2024-04-13 12:48:00;120.0
2024-04-13 12:49:00;120.0
2024-04-13 12:50:00;120.0
2024-04-13 12:51:00;120.0
2024-04-13 12:52:00;120.0
2024-04-13 12:53:00;120.0
2024-04-13 12:54:00;120.0
2024-04-13 12:55:00;120.0
2024-04-13 12:56:00;120.0
2024-04-13 12:57:00;120.0
2024-04-13 12:58:00;120.0
2024-04-13 12:59:00;120.0
2024-04-13 13:00:00;120.0
2024-04-13 13:01:00;120.0
2024-04-13 13:02:00;167.17833333333328
2024-04-13 13:03:00;276.1366666666666
2024-04-13 13:04:00;273.8283333333333
2024-04-13 13:05:00;265.70500000000004
2024-04-13 13:06:00;260.96833333333336
2024-04-13 13:07:00;256.13666666666666
2024-04-13 13:08:00;253.1033333333333
2024-04-13 13:09:00;251.3483333333333
2024-04-13 13:10:00;250.49333333333337
2024-04-13 13:11:00;249.5300000000001
2024-04-13 13:12:00;248.95833333333331
2024-04-13 13:13:00;248.75666666666675
2024-04-13 13:14:00;248.64166666666668
2024-04-13 13:15:00;248.5566666666667
2024-04-13 13:16:00;167.3683333333333
2024-04-13 13:17:00;120.0
2024-04-13 13:18:00;120.0
2024-04-13 13:19:00;120.0
2024-04-13 13:20:00;120.0
2024-04-13 13:21:00;120.0
2024-04-13 13:22:00;120.0
2024-04-13 13:23:00;120.0
2024-04-13 13:24:00;120.0
2024-04-13 13:25:00;120.0
2024-04-13 13:26:00;120.0
2024-04-13 13:27:00;120.0
2024-04-13 13:28:00;120.0
2024-04-13 13:29:00;120.0
2024-04-13 13:30:00;120.0
2024-04-13 13:31:00;120.0
2024-04-13 13:32:00;120.0
2024-04-13 13:33:00;120.0
2024-04-13 13:34:00;120.0
2024-04-13 13:35:00;120.0
2024-04-13 13:36:00;120.0
2024-04-13 13:37:00;120.0
2024-04-13 13:38:00;120.0
2024-04-13 13:39:00;120.0
2024-04-13 13:40:00;120.0
2024-04-13 13:41:00;120.0
2024-04-13 13:42:00;120.0
2024-04-13 13:43:00;120.0
2024-04-13 13:44:00;120.0
2024-04-13 13:45:00;120.0
2024-04-13 13:46:00;120.0
2024-04-13 13:47:00;120.0
2024-04-13 13:48:00;120.0
2024-04-13 13:49:00;120.0
2024-04-13 13:50:00;120.0
2024-04-13 13:51:00;120.0
2024-04-13 13:52:00;120.0
2024-04-13 13:53:00;120.0
2024-04-13 13:54:00;120.0
2024-04-13 13:55:00;120.0
2024-04-13 13:56:00;120.0
2024-04-13 13:57:00;120.0
2024-04-13 13:58:00;120.0
2024-04-13 13:59:00;120.0
2024-04-13 14:00:00;120.0
2024-04-13 14:01:00;120.0
2024-04-13 14:02:00;120.0
2024-04-13 14:03:00;120.0
2024-04-13 14:04:00;179.79666666666668
2024-04-13 14:05:00;276.61
2024-04-13 14:06:00;273.15
2024-04-13 14:07:00;265.1633333333333
2024-04-13 14:08:00;260.62333333333333
2024-04-13 14:09:00;255.7633333333333
2024-04-13 14:10:00;252.93500000000003
2024-04-13 14:11:00;251.27166666666665
2024-04-13 14:12:00;250.4183333333333
2024-04-13 14:13:00;249.45500000000004
2024-04-13 14:14:00;248.9333333333333
2024-04-13 14:15:00;248.74833333333345
2024-04-13 14:16:00;248.63333333333333
2024-04-13 14:17:00;256.015
2024-04-13 14:18:00;937.16
2024-04-13 14:19:00;1463.236666666667
2024-04-13 14:20:00;1434.7983333333332
2024-04-13 14:21:00;1406.958333333333
2024-04-13 14:22:00;1379.7116666666666
2024-04-13 14:23:00;678.1333333333333
2024-04-13 14:24:00;120.0
2024-04-13 14:25:00;120.0
2024-04-13 14:26:00;120.0
2024-04-13 14:27:00;120.0
2024-04-13 14:28:00;120.0
2024-04-13 14:29:00;120.0
2024-04-13 14:30:00;120.0
2024-04-13 14:31:00;120.0
2024-04-13 14:32:00;120.0
2024-04-13 14:33:00;120.0
2024-04-13 14:34:00;120.0
2024-04-13 14:35:00;120.0
2024-04-13 14:36:00;120.0
2024-04-13 14:37:00;120.0
2024-04-13 14:38:00;120.0
2024-04-13 14:39:00;120.0
2024-04-13 14:40:00;120.0
2024-04-13 14:41:00;120.0
2024-04-13 14:42:00;120.0
2024-04-13 14:43:00;120.0
2024-04-13 14:44:00;120.0
2024-04-13 14:45:00;120.0
2024-04-13 14:46:00;120.0
2024-04-13 14:47:00;120.0
2024-04-13 14:48:00;120.0
2024-04-13 14:49:00;120.0
2024-04-13 14:50:00;120.0
2024-04-13 14:51:00;120.0
2024-04-13 14:52:00;120.0
2024-04-13 14:53:00;120.0
2024-04-13 14:54:00;120.0
2024-04-13 14:55:00;120.0
2024-04-13 14:56:00;120.0
2024-04-13 14:57:00;120.0
2024-04-13 14:58:00;120.0
2024-04-13 14:59:00;120.0
2024-04-13 15:00:00;120.0
2024-04-13 15:01:00;120.0
2024-04-13 15:02:00;120.0
2024-04-13 15:03:00;120.0
2024-04-13 15:04:00;120.0
2024-04-13 15:05:00;120.0
2024-04-13 15:06:00;120.0
2024-04-13 15:07:00;120.0
2024-04-13 15:08:00;120.0
2024-04-13 15:09:00;120.0
2024-04-13 15:10:00;120.0
2024-04-13 15:11:00;120.0
2024-04-13 15:12:00;120.0
2024-04-13 15:13:00;120.0
2024-04-13 15:14:00;120.0
2024-04-13 15:15:00;159.665
2024-04-13 15:16:00;275.7983333333333
2024-04-13 15:17:00;274.21
2024-04-13 15:18:00;266.05
2024-04-13 15:19:00;261.1633333333333
2024-04-13 15:20:00;256.37
2024-04-13 15:21:00;253.1833333333333
2024-04-13 15:22:00;251.4183333333333
2024-04-13 15:23:00;250.53500000000005
2024-04-13 15:24:00;249.58
2024-04-13 15:25:00;248.97333333333336
2024-04-13 15:26:00;248.76166666666677
2024-04-13 15:27:00;248.64666666666665
2024-04-13 15:28:00;248.56166666666667
2024-04-13 15:29:00;173.79333333333335
2024-04-13 15:30:00;120.0
2024-04-13 15:31:00;120.0
2024-04-13 15:32:00;120.0
2024-04-13 15:33:00;120.0
2024-04-13 15:34:00;120.0
2024-04-13 15:35:00;120.0
2024-04-13 15:36:00;120.0
2024-04-13 15:37:00;120.0
2024-04-13 15:38:00;120.0
2024-04-13 15:39:00;120.0
2024-04-13 15:40:00;120.0
2024-04-13 15:41:00;120.0
2024-04-13 15:42:00;120.0
2024-04-13 15:43:00;120.0
2024-04-13 15:44:00;120.0
2024-04-13 15:45:00;120.0
2024-04-13 15:46:00;120.0
2024-04-13 15:47:00;120.0
2024-04-13 15:48:00;120.0
2024-04-13 15:49:00;120.0
2024-04-13 15:50:00;120.0
2024-04-13 15:51:00;120.0
2024-04-13 15:52:00;120.0
2024-04-13 15:53:00;120.0
2024-04-13 15:54:00;120.0
2024-04-13 15:55:00;120.0
2024-04-13 15:56:00;120.0
2024-04-13 15:57:00;120.0
2024-04-13 15:58:00;120.0
2024-04-13 15:59:00;120.0
2024-04-13 16:00:00;190.11499999999995
2024-04-13 16:01:00;276.76500000000004
2024-04-13 16:02:00;272.5733333333333
2024-04-13 16:03:00;264.7566666666666
2024-04-13 16:04:00;266.53166666666664
2024-04-13 16:05:00;364.23333333333335
2024-04-13 16:06:00;299.4783333333333
2024-04-13 16:07:00;312.21500000000003
2024-04-13 16:08:00;311.36166666666674
2024-04-13 16:09:00;310.39833333333326
2024-04-13 16:10:00;294.98
2024-04-13 16:11:00;297.9416666666668
2024-04-13 16:12:00;306.07166666666666
2024-04-13 16:13:00;309.5866666666667
2024-04-13 16:14:00;212.9533333333333
2024-04-13 16:15:00;186.8
2024-04-13 16:16:00;188.1216666666667
2024-04-13 16:17:00;185.3716666666667
2024-04-13 16:18:00;181.53500000000005
2024-04-13 16:19:00;182.45500000000004
2024-04-13 16:20:00;181.4416666666667
2024-04-13 16:21:00;188.09833333333333
2024-04-13 16:22:00;192.58
2024-04-13 16:23:00;175.02166666666665
2024-04-13 16:24:00;163.0
2024-04-13 16:25:00;163.0
2024-04-13 16:26:00;149.745
2024-04-13 16:27:00;160.38500000000005
2024-04-13 16:28:00;188.025
2024-04-13 16:29:00;188.0
2024-04-13 16:30:00;188.0
2024-04-13 16:31:00;188.0
2024-04-13 16:32:00;188.0
2024-04-13 16:33:00;171.85
2024-04-13 16:34:00;172.68333333333334
2024-04-13 16:35:00;186.0
2024-04-13 16:36:00;179.0
2024-04-13 16:37:00;178.95
2024-04-13 16:38:00;183.0
2024-04-13 16:39:00;147.86499999999998
2024-04-13 16:40:00;120.33833333333334
2024-04-13 16:41:00;120.0
2024-04-13 16:42:00;120.0
2024-04-13 16:43:00;120.0
2024-04-13 16:44:00;120.0
2024-04-13 16:45:00;120.0
2024-04-13 16:46:00;120.0
2024-04-13 16:47:00;120.0
2024-04-13 16:48:00;120.0
2024-04-13 16:49:00;120.0
2024-04-13 16:50:00;120.0
2024-04-13 16:51:00;120.0
2024-04-13 16:52:00;120.0
2024-04-13 16:53:00;120.0
2024-04-13 16:54:00;120.0
2024-04-13 16:55:00;120.0
2024-04-13 16:56:00;120.0
2024-04-13 16:57:00;120.0
2024-04-13 16:58:00;120.0
2024-04-13 16:59:00;160.11
2024-04-13 17:00:00;145.34833333333333
2024-04-13 17:01:00;193.3783333333333
2024-04-13 17:02:00;163.02333333333337
2024-04-13 17:03:00;187.0
2024-04-13 17:04:00;172.4066666666667
2024-04-13 17:05:00;180.33
2024-04-13 17:06:00;324.35
2024-04-13 17:07:00;326.66166666666675
2024-04-13 17:08:00;302.7849999999999
2024-04-13 17:09:00;310.08500000000004
2024-04-13 17:10:00;309.5083333333333
2024-04-13 17:11:00;286.14000000000004
2024-04-13 17:12:00;304.90333333333336
2024-04-13 17:13:00;306.36
2024-04-13 17:14:00;291.5783333333333
2024-04-13 17:15:00;293.92333333333346
2024-04-13 17:16:00;309.79833333333335
2024-04-13 17:17:00;302.4499999999999
2024-04-13 17:18:00;284.9816666666666
2024-04-13 17:19:00;232.22333333333333
2024-04-13 17:20:00;184.0
2024-04-13 17:21:00;184.0
2024-04-13 17:22:00;184.0
2024-04-13 17:23:00;184.0
2024-04-13 17:24:00;172.9416666666667
2024-04-13 17:25:00;162.01166666666668
2024-04-13 17:26:00;141.95333333333335
2024-04-13 17:27:00;146.67999999999998
2024-04-13 17:28:00;183.64833333333337
2024-04-13 17:29:00;171.09833333333333
2024-04-13 17:30:00;150.97
2024-04-13 17:31:00;184.0
2024-04-13 17:32:00;151.315
2024-04-13 17:33:00;134.54166666666669
2024-04-13 17:34:00;181.00666666666663
2024-04-13 17:35:00;172.50833333333333
2024-04-13 17:36:00;179.53833333333336
2024-04-13 17:37:00;181.025
2024-04-13 17:38:00;178.22
2024-04-13 17:39:00;166.71166666666667
2024-04-13 17:40:00;188.15500000000003
2024-04-13 17:41:00;179.43333333333334
2024-04-13 17:42:00;181.25
2024-04-13 17:43:00;127.54833333333336
2024-04-13 17:44:00;120.0
2024-04-13 17:45:00;120.0
2024-04-13 17:46:00;120.0
2024-04-13 17:47:00;120.0
2024-04-13 17:48:00;159.64
2024-04-13 17:49:00;175.9983333333333
2024-04-13 17:50:00;165.485
2024-04-13 17:51:00;167.43333333333334
2024-04-13 17:52:00;169.07999999999998
2024-04-13 17:53:00;167.62
2024-04-13 17:54:00;184.0
2024-04-13 17:55:00;166.6083333333333
2024-04-13 17:56:00;176.59666666666666
2024-04-13 17:57:00;172.5766666666667
2024-04-13 17:58:00;176.70833333333334
2024-04-13 17:59:00;175.35666666666663
2024-04-13 18:00:00;180.7166666666667
2024-04-13 18:01:00;174.29333333333338
2024-04-13 18:02:00;177.17666666666673
2024-04-13 18:03:00;182.01166666666668
2024-04-13 18:04:00;181.63333333333333
2024-04-13 18:05:00;122.92833333333331
2024-04-13 18:06:00;120.0
2024-04-13 18:07:00;120.0
2024-04-13 18:08:00;210.93833333333333
2024-04-13 18:09:00;328.8366666666667
2024-04-13 18:10:00;321.33166666666665
2024-04-13 18:11:00;311.56999999999994
2024-04-13 18:12:00;311.6783333333334
2024-04-13 18:13:00;307.37166666666667
2024-04-13 18:14:00;305.725
2024-04-13 18:15:00;308.5766666666667
2024-04-13 18:16:00;271.215
2024-04-13 18:17:00;249.265
2024-04-13 18:18:00;248.88666666666663
2024-04-13 18:19:00;248.7283333333334
2024-04-13 18:20:00;248.6133333333333
2024-04-13 18:21:00;248.5283333333333
2024-04-13 18:22:00;199.53
2024-04-13 18:23:00;174.60833333333332
2024-04-13 18:24:00;181.0
2024-04-13 18:25:00;170.86666666666667
2024-04-13 18:26:00;173.86666666666667
2024-04-13 18:27:00;178.69999999999996
2024-04-13 18:28:00;184.18833333333333
2024-04-13 18:29:00;185.92
2024-04-13 18:30:00;180.84166666666664
2024-04-13 18:31:00;180.9333333333333
2024-04-13 18:32:00;186.8583333333333
2024-04-13 18:33:00;176.17833333333334
2024-04-13 18:34:00;163.0
2024-04-13 18:35:00;153.22833333333335
2024-04-13 18:36:00;188.215
2024-04-13 18:37:00;188.0
2024-04-13 18:38:00;188.0
2024-04-13 18:39:00;176.91666666666666
2024-04-13 18:40:00;179.2
2024-04-13 18:41:00;178.6
2024-04-13 18:42:00;182.85
2024-04-13 18:43:00;136.1266666666667
2024-04-13 18:44:00;120.0
2024-04-13 18:45:00;120.0
2024-04-13 18:46:00;120.0
2024-04-13 18:47:00;120.0
2024-04-13 18:48:00;120.0
2024-04-13 18:49:00;120.0
2024-04-13 18:50:00;120.0
2024-04-13 18:51:00;120.0
2024-04-13 18:52:00;120.0
2024-04-13 18:53:00;120.0
2024-04-13 18:54:00;120.0
2024-04-13 18:55:00;161.4666666666667
2024-04-13 18:56:00;176.83833333333328
2024-04-13 18:57:00;173.7183333333333
2024-04-13 18:58:00;172.7533333333333
2024-04-13 18:59:00;167.92000000000004
2024-04-13 19:00:00;165.24333333333337
2024-04-13 19:01:00;166.6883333333333
2024-04-13 19:02:00;163.43833333333333
2024-04-13 19:03:00;175.26666666666662
2024-04-13 19:04:00;162.08166666666668
2024-04-13 19:05:00;174.48333333333332
2024-04-13 19:06:00;168.77833333333334
2024-04-13 19:07:00;160.65
2024-04-13 19:08:00;184.0
2024-04-13 19:09:00;228.67
2024-04-13 19:10:00;332.1766666666666
2024-04-13 19:11:00;312.96500000000003
2024-04-13 19:12:00;302.21333333333337
2024-04-13 19:13:00;321.885
2024-04-13 19:14:00;304.0716666666667
2024-04-13 19:15:00;291.50500000000005
2024-04-13 19:16:00;252.16333333333333
2024-04-13 19:17:00;250.5066666666667
2024-04-13 19:18:00;249.54666666666668
2024-04-13 19:19:00;248.9633333333333
2024-04-13 19:20:00;248.75833333333335
2024-04-13 19:21:00;248.6433333333333
2024-04-13 19:22:00;248.5583333333333
2024-04-13 19:23:00;169.50999999999996
2024-04-13 19:24:00;120.0
2024-04-13 19:25:00;120.0
2024-04-13 19:26:00;120.0
2024-04-13 19:27:00;120.0
2024-04-13 19:28:00;120.0
2024-04-13 19:29:00;120.0
2024-04-13 19:30:00;120.0
2024-04-13 19:31:00;120.0
2024-04-13 19:32:00;120.0
2024-04-13 19:33:00;120.0
2024-04-13 19:34:00;120.0
2024-04-13 19:35:00;120.0
2024-04-13 19:36:00;120.0
2024-04-13 19:37:00;120.0
2024-04-13 19:38:00;120.0
2024-04-13 19:39:00;120.0
2024-04-13 19:40:00;120.0
2024-04-13 19:41:00;234.41666666666669
2024-04-13 19:42:00;276.67166666666674
2024-04-13 19:43:00;270.02833333333336
2024-04-13 19:44:00;263.3233333333334
2024-04-13 19:45:00;258.96333333333337
2024-04-13 19:46:00;254.42666666666665
2024-04-13 19:47:00;252.25
2024-04-13 19:48:00;250.97833333333332
2024-04-13 19:49:00;250.1183333333333
2024-04-13 19:50:00;249.16666666666663
2024-04-13 19:51:00;248.8566666666666
2024-04-13 19:52:00;248.71166666666676
2024-04-13 19:53:00;248.6
2024-04-13 19:54:00;240.19833333333332
2024-04-13 19:55:00;120.0
2024-04-13 19:56:00;120.0
2024-04-13 19:57:00;120.0
2024-04-13 19:58:00;120.0
2024-04-13 19:59:00;120.0
2024-04-13 20:00:00;224.055
2024-04-13 20:01:00;221.72000000000008
2024-04-13 20:02:00;219.88499999999996
2024-04-13 20:03:00;218.47166666666664
2024-04-13 20:04:00;218.61166666666668
2024-04-13 20:05:00;219.87833333333336
2024-04-13 20:06:00;219.45166666666665
2024-04-13 20:07:00;219.24666666666675
2024-04-13 20:08:00;219.11666666666667
2024-04-13 20:09:00;219.00666666666663
2024-04-13 20:10:00;218.92
2024-04-13 20:11:00;218.86499999999992
2024-04-13 20:12:00;218.79999999999995
2024-04-13 20:13:00;218.74666666666675
2024-04-13 20:14:00;218.70000000000007
2024-04-13 20:15:00;218.6783333333333
2024-04-13 20:16:00;218.6
2024-04-13 20:17:00;218.6
2024-04-13 20:18:00;218.57333333333327
2024-04-13 20:19:00;218.5
2024-04-13 20:20:00;218.5
2024-04-13 20:21:00;218.5
2024-04-13 20:22:00;218.44666666666663
2024-04-13 20:23:00;218.4
2024-04-13 20:24:00;218.4
2024-04-13 20:25:00;218.4
2024-04-13 20:26:00;218.4
2024-04-13 20:27:00;218.32
2024-04-13 20:28:00;218.29999999999995
2024-04-13 20:29:00;218.29999999999995
2024-04-13 20:30:00;218.29999999999995
2024-04-13 20:31:00;218.29999999999995
2024-04-13 20:32:00;218.29999999999995
2024-04-13 20:33:00;218.22166666666672
2024-04-13 20:34:00;218.20000000000007
2024-04-13 20:35:00;218.20000000000007
2024-04-13 20:36:00;283.12499999999994
2024-04-13 20:37:00;374.9099999999999
2024-04-13 20:38:00;371.0433333333333
2024-04-13 20:39:00;363.1233333333332
2024-04-13 20:40:00;358.6316666666667
2024-04-13 20:41:00;353.7650000000001
2024-04-13 20:42:00;350.99499999999995
2024-04-13 20:43:00;349.3616666666666
2024-04-13 20:44:00;348.4999999999999
2024-04-13 20:45:00;347.52333333333337
2024-04-13 20:46:00;347.0100000000001
2024-04-13 20:47:00;346.83166666666665
2024-04-13 20:48:00;346.70500000000004
2024-04-13 20:49:00;346.59999999999985
2024-04-13 20:50:00;250.42333333333332
2024-04-13 20:51:00;218.0
2024-04-13 20:52:00;218.0
2024-04-13 20:53:00;218.0
2024-04-13 20:54:00;218.0
2024-04-13 20:55:00;218.0
2024-04-13 20:56:00;218.0
2024-04-13 20:57:00;218.0
2024-04-13 20:58:00;218.0
2024-04-13 20:59:00;218.0
2024-04-13 21:00:00;218.0
2024-04-13 21:01:00;218.0
2024-04-13 21:02:00;217.98
2024-04-13 21:03:00;217.9
2024-04-13 21:04:00;217.9
2024-04-13 21:05:00;217.9
2024-04-13 21:06:00;217.9
2024-04-13 21:07:00;217.9
2024-04-13 21:08:00;217.9
2024-04-13 21:09:00;217.9
2024-04-13 21:10:00;217.9
2024-04-13 21:11:00;217.9
2024-04-13 21:12:00;217.9
2024-04-13 21:13:00;217.9
2024-04-13 21:14:00;218.68333333333337
2024-04-13 21:15:00;148.29
2024-04-13 21:16:00;120.0
2024-04-13 21:17:00;213.69
2024-04-13 21:18:00;222.01999999999995
2024-04-13 21:19:00;220.015
2024-04-13 21:20:00;343.48166666666657
2024-04-13 21:21:00;374.82
2024-04-13 21:22:00;369.445
2024-04-13 21:23:00;362.5183333333333
2024-04-13 21:24:00;357.89166666666665
2024-04-13 21:25:00;353.3366666666668
2024-04-13 21:26:00;351.15000000000003
2024-04-13 21:27:00;349.85333333333347
2024-04-13 21:28:00;348.91666666666663
2024-04-13 21:29:00;347.93500000000006
2024-04-13 21:30:00;347.59666666666664
2024-04-13 21:31:00;347.40500000000003
2024-04-13 21:32:00;347.2583333333333
2024-04-13 21:33:00;330.265
2024-04-13 21:34:00;218.6
2024-04-13 21:35:00;218.58333333333331
2024-04-13 21:36:00;218.5
2024-04-13 21:37:00;218.5
2024-04-13 21:38:00;218.5
2024-04-13 21:39:00;218.45666666666668
2024-04-13 21:40:00;218.4
2024-04-13 21:41:00;218.4
2024-04-13 21:42:00;218.4
2024-04-13 21:43:00;218.4
2024-04-13 21:44:00;218.32999999999996
2024-04-13 21:45:00;218.29999999999995
2024-04-13 21:46:00;218.29999999999995
2024-04-13 21:47:00;218.29999999999995
2024-04-13 21:48:00;218.29999999999995
2024-04-13 21:49:00;218.29999999999995
2024-04-13 21:50:00;218.23166666666677
2024-04-13 21:51:00;218.20000000000007
2024-04-13 21:52:00;218.20000000000007
2024-04-13 21:53:00;218.20000000000007
2024-04-13 21:54:00;218.20000000000007
2024-04-13 21:55:00;218.20000000000007
2024-04-13 21:56:00;218.20000000000007
2024-04-13 21:57:00;218.19333333333336
2024-04-13 21:58:00;218.1
2024-04-13 21:59:00;218.1
2024-04-13 22:00:00;218.1
2024-04-13 22:01:00;218.1
2024-04-13 22:02:00;218.1
2024-04-13 22:03:00;218.1
2024-04-13 22:04:00;218.1
2024-04-13 22:05:00;218.1
2024-04-13 22:06:00;218.1
2024-04-13 22:07:00;218.06166666666667
2024-04-13 22:08:00;218.0
2024-04-13 22:09:00;218.0
2024-04-13 22:10:00;218.0
2024-04-13 22:11:00;218.0
2024-04-13 22:12:00;218.0
2024-04-13 22:13:00;218.0
2024-04-13 22:14:00;218.0
2024-04-13 22:15:00;218.0
2024-04-13 22:16:00;218.0
2024-04-13 22:17:00;218.0
2024-04-13 22:18:00;218.0
2024-04-13 22:19:00;217.98999999999995
2024-04-13 22:20:00;217.9
2024-04-13 22:21:00;217.9
2024-04-13 22:22:00;217.9
2024-04-13 22:23:00;217.9
2024-04-13 22:24:00;217.9
2024-04-13 22:25:00;217.9
2024-04-13 22:26:00;217.9
2024-04-13 22:27:00;217.9
2024-04-13 22:28:00;217.9
2024-04-13 22:29:00;217.9
2024-04-13 22:30:00;217.9
2024-04-13 22:31:00;218.37333333333336
2024-04-13 22:32:00;158.39
2024-04-13 22:33:00;120.0
2024-04-13 22:34:00;120.0
2024-04-13 22:35:00;120.0
2024-04-13 22:36:00;120.0
2024-04-13 22:37:00;120.0
2024-04-13 22:38:00;120.0
2024-04-13 22:39:00;120.0
2024-04-13 22:40:00;120.0
2024-04-13 22:41:00;120.0
2024-04-13 22:42:00;120.0
2024-04-13 22:43:00;120.0
2024-04-13 22:44:00;167.17833333333328
2024-04-13 22:45:00;276.1366666666666
2024-04-13 22:46:00;273.8283333333333
2024-04-13 22:47:00;265.70500000000004
2024-04-13 22:48:00;260.96833333333336
2024-04-13 22:49:00;256.13666666666666
2024-04-13 22:50:00;253.1033333333333
2024-04-13 22:51:00;251.3483333333333
2024-04-13 22:52:00;250.49333333333337
2024-04-13 22:53:00;249.5300000000001
2024-04-13 22:54:00;248.95833333333331
2024-04-13 22:55:00;248.75666666666675
2024-04-13 22:56:00;248.64166666666668
2024-04-13 22:57:00;248.5566666666667
2024-04-13 22:58:00;167.3683333333333
2024-04-13 22:59:00;120.0
2024-04-13 23:00:00;120.0
2024-04-13 23:01:00;120.0
2024-04-13 23:02:00;120.0
2024-04-13 23:03:00;120.0
2024-04-13 23:04:00;120.0
2024-04-13 23:05:00;120.0
2024-04-13 23:06:00;120.0
2024-04-13 23:07:00;120.0
2024-04-13 23:08:00;120.0
2024-04-13 23:09:00;120.0
2024-04-13 23:10:00;120.0
2024-04-13 23:11:00;120.0
2024-04-13 23:12:00;120.0
2024-04-13 23:13:00;120.0
2024-04-13 23:14:00;120.0
2024-04-13 23:15:00;120.0
2024-04-13 23:16:00;120.0
2024-04-13 23:17:00;120.0
2024-04-13 23:18:00;120.0
2024-04-13 23:19:00;120.0
2024-04-13 23:20:00;120.0
2024-04-13 23:21:00;120.0
2024-04-13 23:22:00;120.0
2024-04-13 23:23:00;120.0
2024-04-13 23:24:00;120.0
2024-04-13 23:25:00;120.0
2024-04-13 23:26:00;120.0
2024-04-13 23:27:00;120.0
2024-04-13 23:28:00;120.0
2024-04-13 23:29:00;120.0
2024-04-13 23:30:00;120.0
2024-04-13 23:31:00;120.0
2024-04-13 23:32:00;120.0
2024-04-13 23:33:00;120.0
2024-04-13 23:34:00;120.0
2024-04-13 23:35:00;120.0
2024-04-13 23:36:00;120.0
2024-04-13 23:37:00;120.0
2024-04-13 23:38:00;120.0
2024-04-13 23:39:00;120.0
2024-04-13 23:40:00;120.0
2024-04-13 23:41:00;120.0
2024-04-13 23:42:00;120.0
2024-04-13 23:43:00;120.0
2024-04-13 23:44:00;120.0
2024-04-13 23:45:00;120.0
2024-04-13 23:46:00;120.0
2024-04-13 23:47:00;120.0
2024-04-13 23:48:00;120.0
2024-04-13 23:49:00;120.0
2024-04-13 23:50:00;120.0
2024-04-13 23:51:00;120.0
2024-04-13 23:52:00;120.0
2024-04-13 23:53:00;120.0
2024-04-13 23:54:00;120.0
2024-04-13 23:55:00;120.0
2024-04-13 23:56:00;120.0
2024-04-13 23:57:00;120.0
2024-04-13 23:58:00;120.0
2024-04-13 23:59:00;120.0
